[
  {
    "Bus": 1001.0,
    "Type": 1.0,
    "V_mag_pu": 8.38783439626715,
    "V_ang_deg": -151.567637438355,
    "P_inj_MW": 487814.084169175,
    "Q_inj_MVAr": 811989.27066325,
    "Pg_MW": 0.0,
    "Qg_MVAr": 0.0,
    "Pd_MW": 0.0,
    "Qd_MVAr": 0.0
  },
  {
    "Bus": 1002.0,
    "Type": 1.0,
    "V_mag_pu": 1.90967587318681,
    "V_ang_deg": -174.485801474851,
    "P_inj_MW": -88109.947025894,
    "Q_inj_MVAr": 1103641.29131409,
    "Pg_MW": 0.0,
    "Qg_MVAr": 0.0,
    "Pd_MW": 226.8419,
    "Qd_MVAr": -37.472
  },
  {
    "Bus": 1003.0,
    "Type": 1.0,
    "V_mag_pu": 1.60675158429449,
    "V_ang_deg": -25.4876177160336,
    "P_inj_MW": 24360.3560464921,
    "Q_inj_MVAr": 74759.1123852043,
    "Pg_MW": 0.0,
    "Qg_MVAr": 0.0,
    "Pd_MW": 2153.3224,
    "Qd_MVAr": 366.856
  },
  {
    "Bus": 1004.0,
    "Type": 1.0,
    "V_mag_pu": 0.361536698587686,
    "V_ang_deg": 129.415701249326,
    "P_inj_MW": 59766.6499339949,
    "Q_inj_MVAr": 7319.60475687423,
    "Pg_MW": 0.0,
    "Qg_MVAr": 0.0,
    "Pd_MW": 1037.9499,
    "Qd_MVAr": 5.521
  },
  {
    "Bus": 1032.0,
    "Type": 2.0,
    "V_mag_pu": 1.0,
    "V_ang_deg": 11.1636504455657,
    "P_inj_MW": -37598.4024646096,
    "Q_inj_MVAr": 580080.041251026,
    "Pg_MW": 1387.0,
    "Qg_MVAr": 0.0,
    "Pd_MW": 0.0,
    "Qd_MVAr": 0.0
  },
  {
    "Bus": 1034.0,
    "Type": 2.0,
    "V_mag_pu": 1.0,
    "V_ang_deg": 50.8241219586409,
    "P_inj_MW": -70878.6995795242,
    "Q_inj_MVAr": 185697.506408221,
    "Pg_MW": 3911.0,
    "Qg_MVAr": 0.0,
    "Pd_MW": 0.0,
    "Qd_MVAr": 0.0
  },
  {
    "Bus": 1101.0,
    "Type": 1.0,
    "V_mag_pu": 0.876016158513284,
    "V_ang_deg": 94.4465966098913,
    "P_inj_MW": 1968.00565928861,
    "Q_inj_MVAr": 3220.89323479612,
    "Pg_MW": 0.0,
    "Qg_MVAr": 0.0,
    "Pd_MW": 4527.3661,
    "Qd_MVAr": -137.044
  },
  {
    "Bus": 1102.0,
    "Type": 1.0,
    "V_mag_pu": 0.720351250806271,
    "V_ang_deg": -66.5731161525753,
    "P_inj_MW": 11097.583409493,
    "Q_inj_MVAr": 23373.5670615811,
    "Pg_MW": 0.0,
    "Qg_MVAr": 0.0,
    "Pd_MW": 176.4436,
    "Qd_MVAr": 23.004
  },
  {
    "Bus": 1131.0,
    "Type": 2.0,
    "V_mag_pu": 1.0,
    "V_ang_deg": 95.1880975768767,
    "P_inj_MW": 2267.35268144797,
    "Q_inj_MVAr": 24811.4401255814,
    "Pg_MW": 2342.9,
    "Qg_MVAr": 0.0,
    "Pd_MW": 0.0,
    "Qd_MVAr": 0.0
  },
  {
    "Bus": 1201.0,
    "Type": 1.0,
    "V_mag_pu": 22.6192108949459,
    "V_ang_deg": 167.845316316352,
    "P_inj_MW": 2163105.45273473,
    "Q_inj_MVAr": 14602823.8387963,
    "Pg_MW": 0.0,
    "Qg_MVAr": 0.0,
    "Pd_MW": 166.9882,
    "Qd_MVAr": -2.012
  },
  {
    "Bus": 1202.0,
    "Type": 1.0,
    "V_mag_pu": 1.16157738741101,
    "V_ang_deg": -94.1418233031916,
    "P_inj_MW": 521169.072543401,
    "Q_inj_MVAr": 466089.714035776,
    "Pg_MW": 0.0,
    "Qg_MVAr": 0.0,
    "Pd_MW": 875.61,
    "Qd_MVAr": 287.131
  },
  {
    "Bus": 1232.0,
    "Type": 2.0,
    "V_mag_pu": 1.0,
    "V_ang_deg": 86.389883156695,
    "P_inj_MW": -2155.86328019995,
    "Q_inj_MVAr": 432305.474174202,
    "Pg_MW": 1835.5,
    "Qg_MVAr": 0.0,
    "Pd_MW": 0.0,
    "Qd_MVAr": 0.0
  },
  {
    "Bus": 1301.0,
    "Type": 1.0,
    "V_mag_pu": 0.396378495492673,
    "V_ang_deg": -40.6036129877185,
    "P_inj_MW": 11637.9009402718,
    "Q_inj_MVAr": 130988.127214979,
    "Pg_MW": 0.0,
    "Qg_MVAr": 0.0,
    "Pd_MW": 2704.7793,
    "Qd_MVAr": 352.826
  },
  {
    "Bus": 1302.0,
    "Type": 1.0,
    "V_mag_pu": 19.8063529583755,
    "V_ang_deg": -88.3658467702725,
    "P_inj_MW": 380786.297055658,
    "Q_inj_MVAr": 8910642.29641215,
    "Pg_MW": 0.0,
    "Qg_MVAr": 0.0,
    "Pd_MW": 17.5556,
    "Qd_MVAr": 2.304
  },
  {
    "Bus": 1303.0,
    "Type": 1.0,
    "V_mag_pu": 0.269172320362982,
    "V_ang_deg": -16.3784616333373,
    "P_inj_MW": 67944.2878138269,
    "Q_inj_MVAr": -61294.273639724,
    "Pg_MW": 0.0,
    "Qg_MVAr": 0.0,
    "Pd_MW": 6235.136,
    "Qd_MVAr": 813.349
  },
  {
    "Bus": 1331.0,
    "Type": 2.0,
    "V_mag_pu": 1.0,
    "V_ang_deg": 131.787343561381,
    "P_inj_MW": 10497.1204670817,
    "Q_inj_MVAr": 278577.649045139,
    "Pg_MW": 2060.0,
    "Qg_MVAr": 0.0,
    "Pd_MW": 0.0,
    "Qd_MVAr": 0.0
  },
  {
    "Bus": 1333.0,
    "Type": 2.0,
    "V_mag_pu": 1.0,
    "V_ang_deg": -13.4418854110028,
    "P_inj_MW": 2757.96584957078,
    "Q_inj_MVAr": 146236.228309797,
    "Pg_MW": 3085.5,
    "Qg_MVAr": 0.0,
    "Pd_MW": 0.0,
    "Qd_MVAr": 0.0
  },
  {
    "Bus": 1401.0,
    "Type": 1.0,
    "V_mag_pu": 0.115990435801527,
    "V_ang_deg": 57.0330836179665,
    "P_inj_MW": -49689.6260177075,
    "Q_inj_MVAr": 14296.0600110498,
    "Pg_MW": 0.0,
    "Qg_MVAr": 0.0,
    "Pd_MW": 6535.5365,
    "Qd_MVAr": 1524.594
  },
  {
    "Bus": 1402.0,
    "Type": 1.0,
    "V_mag_pu": 18.6092273510287,
    "V_ang_deg": 130.196899604081,
    "P_inj_MW": -339314.707997403,
    "Q_inj_MVAr": 10296049.943664,
    "Pg_MW": 0.0,
    "Qg_MVAr": 0.0,
    "Pd_MW": 5366.6305,
    "Qd_MVAr": -600.162
  },
  {
    "Bus": 1403.0,
    "Type": 1.0,
    "V_mag_pu": 0.000806423956213442,
    "V_ang_deg": 121.198645477219,
    "P_inj_MW": 0.614999956813797,
    "Q_inj_MVAr": -0.286136282536826,
    "Pg_MW": 0.0,
    "Qg_MVAr": 0.0,
    "Pd_MW": 0.0,
    "Qd_MVAr": 0.0
  },
  {
    "Bus": 1431.0,
    "Type": 2.0,
    "V_mag_pu": 1.0,
    "V_ang_deg": -134.282388062796,
    "P_inj_MW": 4551.71835354913,
    "Q_inj_MVAr": 222747.156040417,
    "Pg_MW": 5630.85,
    "Qg_MVAr": 0.0,
    "Pd_MW": 0.0,
    "Qd_MVAr": 0.0
  },
  {
    "Bus": 2000.0,
    "Type": 1.0,
    "V_mag_pu": 0.97192632688756,
    "V_ang_deg": -26.3999123978889,
    "P_inj_MW": -2114.69129400129,
    "Q_inj_MVAr": -146.050753460294,
    "Pg_MW": 0.0,
    "Qg_MVAr": 0.0,
    "Pd_MW": 2207.188,
    "Qd_MVAr": 287.916
  },
  {
    "Bus": 2030.0,
    "Type": 2.0,
    "V_mag_pu": 1.0,
    "V_ang_deg": -25.9818785624092,
    "P_inj_MW": 1418.23530102306,
    "Q_inj_MVAr": 5619.90841519627,
    "Pg_MW": 1419.5,
    "Qg_MVAr": 0.0,
    "Pd_MW": 0.0,
    "Qd_MVAr": 0.0
  },
  {
    "Bus": 2100.0,
    "Type": 1.0,
    "V_mag_pu": 0.016947904953363,
    "V_ang_deg": -30.9925341719829,
    "P_inj_MW": -3486.836439509,
    "Q_inj_MVAr": 772.252289445052,
    "Pg_MW": 0.0,
    "Qg_MVAr": 0.0,
    "Pd_MW": 281.1513,
    "Qd_MVAr": 54.83
  },
  {
    "Bus": 2130.0,
    "Type": 2.0,
    "V_mag_pu": 1.0,
    "V_ang_deg": 67.1761102644536,
    "P_inj_MW": 3355.19076797153,
    "Q_inj_MVAr": 200481.616240224,
    "Pg_MW": 789.5,
    "Qg_MVAr": 0.0,
    "Pd_MW": 0.0,
    "Qd_MVAr": 0.0
  },
  {
    "Bus": 2201.0,
    "Type": 1.0,
    "V_mag_pu": 1.87995920617078,
    "V_ang_deg": 46.6366711999372,
    "P_inj_MW": -83844.6417269871,
    "Q_inj_MVAr": 153932.736699687,
    "Pg_MW": 0.0,
    "Qg_MVAr": 0.0,
    "Pd_MW": 0.0,
    "Qd_MVAr": 0.0
  },
  {
    "Bus": 2202.0,
    "Type": 1.0,
    "V_mag_pu": 1.1030083321331,
    "V_ang_deg": 128.942995552993,
    "P_inj_MW": 82553.3678774361,
    "Q_inj_MVAr": 49983.8024203587,
    "Pg_MW": 0.0,
    "Qg_MVAr": 0.0,
    "Pd_MW": 1545.949,
    "Qd_MVAr": 268.565
  },
  {
    "Bus": 2203.0,
    "Type": 1.0,
    "V_mag_pu": 0.0272247748063242,
    "V_ang_deg": 24.125239099863,
    "P_inj_MW": -297.589212576686,
    "Q_inj_MVAr": -5058.53578874654,
    "Pg_MW": 0.0,
    "Qg_MVAr": 0.0,
    "Pd_MW": 1708.5525,
    "Qd_MVAr": 278.273
  },
  {
    "Bus": 2233.0,
    "Type": 2.0,
    "V_mag_pu": 1.0,
    "V_ang_deg": 23.4568695690198,
    "P_inj_MW": -63.5153145239656,
    "Q_inj_MVAr": 194555.415503914,
    "Pg_MW": 1229.5,
    "Qg_MVAr": 333.5,
    "Pd_MW": 0.0,
    "Qd_MVAr": 0.0
  },
  {
    "Bus": 2301.0,
    "Type": 1.0,
    "V_mag_pu": 1.4068918886796,
    "V_ang_deg": -152.020732056986,
    "P_inj_MW": 5512.32143502987,
    "Q_inj_MVAr": 103396.327501265,
    "Pg_MW": 0.0,
    "Qg_MVAr": 0.0,
    "Pd_MW": 0.0,
    "Qd_MVAr": 0.0
  },
  {
    "Bus": 2302.0,
    "Type": 1.0,
    "V_mag_pu": 0.00239039998746975,
    "V_ang_deg": 44.4494130996073,
    "P_inj_MW": 410.020294042079,
    "Q_inj_MVAr": -48.2169747183404,
    "Pg_MW": 0.0,
    "Qg_MVAr": 0.0,
    "Pd_MW": 0.0,
    "Qd_MVAr": 0.0
  },
  {
    "Bus": 2332.0,
    "Type": 2.0,
    "V_mag_pu": 1.0,
    "V_ang_deg": -23.8113078592419,
    "P_inj_MW": -444.078409681663,
    "Q_inj_MVAr": 199822.926992293,
    "Pg_MW": 559.0,
    "Qg_MVAr": 113.0,
    "Pd_MW": 0.0,
    "Qd_MVAr": 0.0
  },
  {
    "Bus": 2400.0,
    "Type": 1.0,
    "V_mag_pu": 2.16073278952457,
    "V_ang_deg": 118.077353396718,
    "P_inj_MW": 53202.9003711338,
    "Q_inj_MVAr": 50995.2350604346,
    "Pg_MW": 0.0,
    "Qg_MVAr": 0.0,
    "Pd_MW": 843.2926,
    "Qd_MVAr": 76.663
  },
  {
    "Bus": 2401.0,
    "Type": 1.0,
    "V_mag_pu": 0.0830104158615426,
    "V_ang_deg": 46.4401847149117,
    "P_inj_MW": -869.659998182241,
    "Q_inj_MVAr": 5933.62539458877,
    "Pg_MW": 0.0,
    "Qg_MVAr": 0.0,
    "Pd_MW": 882.3636,
    "Qd_MVAr": 105.214
  },
  {
    "Bus": 2402.0,
    "Type": 1.0,
    "V_mag_pu": 2.52538889672197,
    "V_ang_deg": -103.473024463096,
    "P_inj_MW": 381901.484124988,
    "Q_inj_MVAr": 319569.268652774,
    "Pg_MW": 0.0,
    "Qg_MVAr": 0.0,
    "Pd_MW": 1080.0201,
    "Qd_MVAr": 81.979
  },
  {
    "Bus": 2403.0,
    "Type": 1.0,
    "V_mag_pu": 2.87424601900714,
    "V_ang_deg": 71.0631192530717,
    "P_inj_MW": -145019.950497189,
    "Q_inj_MVAr": 188086.206167447,
    "Pg_MW": 0.0,
    "Qg_MVAr": 0.0,
    "Pd_MW": 1050.004,
    "Qd_MVAr": 38.543
  },
  {
    "Bus": 2404.0,
    "Type": 1.0,
    "V_mag_pu": 0.678268505325547,
    "V_ang_deg": -134.197276173412,
    "P_inj_MW": 33798.7102018908,
    "Q_inj_MVAr": -35818.4207067401,
    "Pg_MW": 0.0,
    "Qg_MVAr": 0.0,
    "Pd_MW": 0.0,
    "Qd_MVAr": 0.0
  },
  {
    "Bus": 2405.0,
    "Type": 1.0,
    "V_mag_pu": 0.417718599070458,
    "V_ang_deg": -50.0286377355935,
    "P_inj_MW": -2049.33628651446,
    "Q_inj_MVAr": 22174.2973436786,
    "Pg_MW": 0.0,
    "Qg_MVAr": 0.0,
    "Pd_MW": 824.6826,
    "Qd_MVAr": 22.901
  },
  {
    "Bus": 2406.0,
    "Type": 1.0,
    "V_mag_pu": 2.05272025498714,
    "V_ang_deg": 45.2997252847173,
    "P_inj_MW": 5940.81894099737,
    "Q_inj_MVAr": 39079.3874677354,
    "Pg_MW": 0.0,
    "Qg_MVAr": 0.0,
    "Pd_MW": 737.4036,
    "Qd_MVAr": -40.751
  },
  {
    "Bus": 2407.0,
    "Type": 1.0,
    "V_mag_pu": 0.204511616432441,
    "V_ang_deg": -74.4082310818897,
    "P_inj_MW": -18.3780547642869,
    "Q_inj_MVAr": 344.303654085851,
    "Pg_MW": 0.0,
    "Qg_MVAr": 0.0,
    "Pd_MW": 1732.771,
    "Qd_MVAr": -36.535
  },
  {
    "Bus": 2408.0,
    "Type": 1.0,
    "V_mag_pu": 0.0310855398232949,
    "V_ang_deg": 31.2154812359884,
    "P_inj_MW": -3263.93819133158,
    "Q_inj_MVAr": -6012.86114479671,
    "Pg_MW": 0.0,
    "Qg_MVAr": 0.0,
    "Pd_MW": 1743.2768,
    "Qd_MVAr": -72.623
  },
  {
    "Bus": 2409.0,
    "Type": 1.0,
    "V_mag_pu": 3.71719452139018,
    "V_ang_deg": 179.765654897816,
    "P_inj_MW": -126354.389226938,
    "Q_inj_MVAr": 511782.04758526,
    "Pg_MW": 0.0,
    "Qg_MVAr": 0.0,
    "Pd_MW": 1601.7777,
    "Qd_MVAr": -86.698
  },
  {
    "Bus": 2410.0,
    "Type": 1.0,
    "V_mag_pu": 0.416498539591308,
    "V_ang_deg": -145.920670409976,
    "P_inj_MW": -2024.08510084909,
    "Q_inj_MVAr": 4008.18902207378,
    "Pg_MW": 0.0,
    "Qg_MVAr": 0.0,
    "Pd_MW": 1576.7872,
    "Qd_MVAr": 58.184
  },
  {
    "Bus": 2411.0,
    "Type": 1.0,
    "V_mag_pu": 0.741208189901202,
    "V_ang_deg": -157.354530267525,
    "P_inj_MW": -5301.29397407046,
    "Q_inj_MVAr": 5121.01625937718,
    "Pg_MW": 0.0,
    "Qg_MVAr": 0.0,
    "Pd_MW": 1087.6239,
    "Qd_MVAr": 75.955
  },
  {
    "Bus": 2438.0,
    "Type": 2.0,
    "V_mag_pu": 1.0,
    "V_ang_deg": 64.218581839522,
    "P_inj_MW": 3386.36184267609,
    "Q_inj_MVAr": 194786.077780145,
    "Pg_MW": 7302.0,
    "Qg_MVAr": 1699.75,
    "Pd_MW": 0.0,
    "Qd_MVAr": 0.0
  },
  {
    "Bus": 2501.0,
    "Type": 1.0,
    "V_mag_pu": 3.69216318886835,
    "V_ang_deg": -173.552406172867,
    "P_inj_MW": 19705.2203744683,
    "Q_inj_MVAr": 3979657.221118,
    "Pg_MW": 0.0,
    "Qg_MVAr": 0.0,
    "Pd_MW": 0.0,
    "Qd_MVAr": 0.0
  },
  {
    "Bus": 2502.0,
    "Type": 1.0,
    "V_mag_pu": 11.8653942396462,
    "V_ang_deg": 8.25129817299462,
    "P_inj_MW": 66472.2657827711,
    "Q_inj_MVAr": 13234210.2518415,
    "Pg_MW": 0.0,
    "Qg_MVAr": 0.0,
    "Pd_MW": 2369.1531,
    "Qd_MVAr": -91.905
  },
  {
    "Bus": 2503.0,
    "Type": 1.0,
    "V_mag_pu": 1.21753594354561,
    "V_ang_deg": 150.211966273514,
    "P_inj_MW": 64619.8347363684,
    "Q_inj_MVAr": 137702.681246068,
    "Pg_MW": 0.0,
    "Qg_MVAr": 0.0,
    "Pd_MW": 1845.9256,
    "Qd_MVAr": 201.991
  },
  {
    "Bus": 2533.0,
    "Type": 2.0,
    "V_mag_pu": 1.0,
    "V_ang_deg": 150.300699916136,
    "P_inj_MW": 377.118025187048,
    "Q_inj_MVAr": -43506.8966888115,
    "Pg_MW": 1116.0,
    "Qg_MVAr": 140.0,
    "Pd_MW": 0.0,
    "Qd_MVAr": 0.0
  },
  {
    "Bus": 2600.0,
    "Type": 1.0,
    "V_mag_pu": 0.428576941203154,
    "V_ang_deg": -60.4088054308164,
    "P_inj_MW": 3135.73948076778,
    "Q_inj_MVAr": 61544.6933928498,
    "Pg_MW": 0.0,
    "Qg_MVAr": 0.0,
    "Pd_MW": -1863.9044,
    "Qd_MVAr": 0.0
  },
  {
    "Bus": 2601.0,
    "Type": 1.0,
    "V_mag_pu": 0.759538770939124,
    "V_ang_deg": -52.3582345427544,
    "P_inj_MW": 486.718595216999,
    "Q_inj_MVAr": 11360.3867788063,
    "Pg_MW": 0.0,
    "Qg_MVAr": 0.0,
    "Pd_MW": 0.0,
    "Qd_MVAr": 0.0
  },
  {
    "Bus": 2602.0,
    "Type": 1.0,
    "V_mag_pu": 0.341217888803273,
    "V_ang_deg": 5.53977518326841,
    "P_inj_MW": -1866.33087969529,
    "Q_inj_MVAr": 3344.89356989914,
    "Pg_MW": 0.0,
    "Qg_MVAr": 0.0,
    "Pd_MW": 99.2784,
    "Qd_MVAr": 12.955
  },
  {
    "Bus": 2603.0,
    "Type": 1.0,
    "V_mag_pu": 0.716857112907378,
    "V_ang_deg": 125.788880573219,
    "P_inj_MW": 19506.9642743161,
    "Q_inj_MVAr": 150032.792578296,
    "Pg_MW": 0.0,
    "Qg_MVAr": 0.0,
    "Pd_MW": 0.0,
    "Qd_MVAr": 0.0
  },
  {
    "Bus": 2604.0,
    "Type": 1.0,
    "V_mag_pu": 0.00250791975245752,
    "V_ang_deg": 125.380101097993,
    "P_inj_MW": -487.026233081342,
    "Q_inj_MVAr": 189.066326635767,
    "Pg_MW": 0.0,
    "Qg_MVAr": 0.0,
    "Pd_MW": 2050.7816,
    "Qd_MVAr": 0.0
  },
  {
    "Bus": 2605.0,
    "Type": 1.0,
    "V_mag_pu": 0.868150813665135,
    "V_ang_deg": 113.230742361887,
    "P_inj_MW": 30111.9887904997,
    "Q_inj_MVAr": 20267.7427623297,
    "Pg_MW": 0.0,
    "Qg_MVAr": 0.0,
    "Pd_MW": 0.0,
    "Qd_MVAr": 0.0
  },
  {
    "Bus": 2606.0,
    "Type": 1.0,
    "V_mag_pu": 0.000100921234285458,
    "V_ang_deg": -59.5017276545662,
    "P_inj_MW": -3.22443691486654,
    "Q_inj_MVAr": -2.08673858490873,
    "Pg_MW": 0.0,
    "Qg_MVAr": 0.0,
    "Pd_MW": 0.0,
    "Qd_MVAr": 0.0
  },
  {
    "Bus": 2607.0,
    "Type": 1.0,
    "V_mag_pu": 9.96148649383913,
    "V_ang_deg": -12.2448340092489,
    "P_inj_MW": 8869.46558097657,
    "Q_inj_MVAr": 697601.288995325,
    "Pg_MW": 0.0,
    "Qg_MVAr": 0.0,
    "Pd_MW": 0.0,
    "Qd_MVAr": 0.0
  },
  {
    "Bus": 2608.0,
    "Type": 1.0,
    "V_mag_pu": 0.000631238311506076,
    "V_ang_deg": -63.1313696865725,
    "P_inj_MW": 86.1875652216333,
    "Q_inj_MVAr": 93.070291052642,
    "Pg_MW": 0.0,
    "Qg_MVAr": 0.0,
    "Pd_MW": 99.2784,
    "Qd_MVAr": 12.955
  },
  {
    "Bus": 2609.0,
    "Type": 1.0,
    "V_mag_pu": 0.00711471292425997,
    "V_ang_deg": 125.814338690033,
    "P_inj_MW": -4.46756438710096,
    "Q_inj_MVAr": -61.944201500748,
    "Pg_MW": 0.0,
    "Qg_MVAr": 0.0,
    "Pd_MW": 134.0261,
    "Qd_MVAr": 26.805
  },
  {
    "Bus": 2610.0,
    "Type": 1.0,
    "V_mag_pu": 0.00797934501449885,
    "V_ang_deg": -5.74948492843519,
    "P_inj_MW": -178.023288474183,
    "Q_inj_MVAr": 1625.36256056665,
    "Pg_MW": 0.0,
    "Qg_MVAr": 0.0,
    "Pd_MW": 99.2784,
    "Qd_MVAr": 12.955
  },
  {
    "Bus": 2611.0,
    "Type": 1.0,
    "V_mag_pu": 0.000795268651350257,
    "V_ang_deg": -35.7931308275213,
    "P_inj_MW": -159.14852624475,
    "Q_inj_MVAr": 5.24083649885625,
    "Pg_MW": 0.0,
    "Qg_MVAr": 0.0,
    "Pd_MW": 99.2784,
    "Qd_MVAr": 12.955
  },
  {
    "Bus": 2612.0,
    "Type": 1.0,
    "V_mag_pu": 0.0108927807952824,
    "V_ang_deg": 25.6891810407889,
    "P_inj_MW": 1796.24041226,
    "Q_inj_MVAr": 442.972144218662,
    "Pg_MW": 0.0,
    "Qg_MVAr": 0.0,
    "Pd_MW": 120.1277,
    "Qd_MVAr": 24.819
  },
  {
    "Bus": 2613.0,
    "Type": 1.0,
    "V_mag_pu": 0.332184728097199,
    "V_ang_deg": 132.360190699722,
    "P_inj_MW": -370.075681822806,
    "Q_inj_MVAr": 389.116958580053,
    "Pg_MW": 0.0,
    "Qg_MVAr": 0.0,
    "Pd_MW": 317.693,
    "Qd_MVAr": 64.532
  },
  {
    "Bus": 2614.0,
    "Type": 1.0,
    "V_mag_pu": 1.47430426613358,
    "V_ang_deg": -68.9692636998284,
    "P_inj_MW": -66240.6138651201,
    "Q_inj_MVAr": 55303.1128761029,
    "Pg_MW": 0.0,
    "Qg_MVAr": 0.0,
    "Pd_MW": 137.0047,
    "Qd_MVAr": 27.798
  },
  {
    "Bus": 2615.0,
    "Type": 1.0,
    "V_mag_pu": 0.614597285031938,
    "V_ang_deg": 121.948809888727,
    "P_inj_MW": 6203.90981516947,
    "Q_inj_MVAr": 29356.2795991786,
    "Pg_MW": 0.0,
    "Qg_MVAr": 0.0,
    "Pd_MW": 801.9756,
    "Qd_MVAr": 131.148
  },
  {
    "Bus": 2616.0,
    "Type": 1.0,
    "V_mag_pu": 0.552404376984419,
    "V_ang_deg": 134.756580029624,
    "P_inj_MW": -4207.695598862,
    "Q_inj_MVAr": 27533.262257426,
    "Pg_MW": 0.0,
    "Qg_MVAr": 0.0,
    "Pd_MW": 116.1565,
    "Qd_MVAr": 23.827
  },
  {
    "Bus": 2617.0,
    "Type": 1.0,
    "V_mag_pu": 0.0432291527450885,
    "V_ang_deg": 177.743763183738,
    "P_inj_MW": 620.576677987159,
    "Q_inj_MVAr": -503.522472450512,
    "Pg_MW": 0.0,
    "Qg_MVAr": 0.0,
    "Pd_MW": 120.1277,
    "Qd_MVAr": 24.819
  },
  {
    "Bus": 2618.0,
    "Type": 1.0,
    "V_mag_pu": 0.717505500868591,
    "V_ang_deg": 95.1065185826532,
    "P_inj_MW": 3581.81459333675,
    "Q_inj_MVAr": 21681.6437893645,
    "Pg_MW": 0.0,
    "Qg_MVAr": 0.0,
    "Pd_MW": 881.2994,
    "Qd_MVAr": -6.155
  },
  {
    "Bus": 2619.0,
    "Type": 1.0,
    "V_mag_pu": 0.0940909132577371,
    "V_ang_deg": 94.9871950947833,
    "P_inj_MW": 2078.4757644372,
    "Q_inj_MVAr": 4235.96226182473,
    "Pg_MW": 0.0,
    "Qg_MVAr": 0.0,
    "Pd_MW": -2773.8339,
    "Qd_MVAr": 0.0
  },
  {
    "Bus": 2620.0,
    "Type": 1.0,
    "V_mag_pu": 0.573099420552392,
    "V_ang_deg": -38.1109519359509,
    "P_inj_MW": 271.656368481948,
    "Q_inj_MVAr": 12541.3392543428,
    "Pg_MW": 0.0,
    "Qg_MVAr": 0.0,
    "Pd_MW": 203.7206,
    "Qd_MVAr": 17.473
  },
  {
    "Bus": 2621.0,
    "Type": 1.0,
    "V_mag_pu": 3.81736049596859,
    "V_ang_deg": -3.64158555947252,
    "P_inj_MW": 69018.263882501,
    "Q_inj_MVAr": 387281.506388073,
    "Pg_MW": 0.0,
    "Qg_MVAr": 0.0,
    "Pd_MW": 235.4897,
    "Qd_MVAr": -62.745
  },
  {
    "Bus": 2630.0,
    "Type": 2.0,
    "V_mag_pu": 1.0,
    "V_ang_deg": 168.475778104753,
    "P_inj_MW": 160.572543264516,
    "Q_inj_MVAr": 201587.770239287,
    "Pg_MW": 1346.0,
    "Qg_MVAr": 0.0,
    "Pd_MW": 0.0,
    "Qd_MVAr": 0.0
  },
  {
    "Bus": 2631.0,
    "Type": 2.0,
    "V_mag_pu": 1.0,
    "V_ang_deg": 56.0740998686273,
    "P_inj_MW": 158.96927512398,
    "Q_inj_MVAr": 200005.182535998,
    "Pg_MW": 159.0,
    "Qg_MVAr": 0.0,
    "Pd_MW": 0.0,
    "Qd_MVAr": 0.0
  },
  {
    "Bus": 2634.0,
    "Type": 2.0,
    "V_mag_pu": 1.0,
    "V_ang_deg": -121.52072750146,
    "P_inj_MW": 461.370546260787,
    "Q_inj_MVAr": 200196.783328648,
    "Pg_MW": 950.0,
    "Qg_MVAr": 0.0,
    "Pd_MW": 0.0,
    "Qd_MVAr": 0.0
  },
  {
    "Bus": 2637.0,
    "Type": 2.0,
    "V_mag_pu": 1.0,
    "V_ang_deg": -78.6300356293186,
    "P_inj_MW": -2110.87459513761,
    "Q_inj_MVAr": 200538.809225761,
    "Pg_MW": 55.0,
    "Qg_MVAr": 0.0,
    "Pd_MW": 0.0,
    "Qd_MVAr": 0.0
  },
  {
    "Bus": 2638.0,
    "Type": 2.0,
    "V_mag_pu": 1.0,
    "V_ang_deg": 160.153182891005,
    "P_inj_MW": -86.5581891610191,
    "Q_inj_MVAr": 200091.902949494,
    "Pg_MW": 0.0,
    "Qg_MVAr": 0.0,
    "Pd_MW": 0.0,
    "Qd_MVAr": 0.0
  },
  {
    "Bus": 2901.0,
    "Type": 1.0,
    "V_mag_pu": 0.199657000057282,
    "V_ang_deg": 116.111187305188,
    "P_inj_MW": -19891.0899341557,
    "Q_inj_MVAr": -24114.8395881703,
    "Pg_MW": 0.0,
    "Qg_MVAr": 0.0,
    "Pd_MW": 0.0,
    "Qd_MVAr": 0.0
  },
  {
    "Bus": 2902.0,
    "Type": 1.0,
    "V_mag_pu": 8.40735048699225,
    "V_ang_deg": 68.6476248878966,
    "P_inj_MW": 25337.2129690811,
    "Q_inj_MVAr": 697798.81892766,
    "Pg_MW": 0.0,
    "Qg_MVAr": 0.0,
    "Pd_MW": 0.0,
    "Qd_MVAr": 0.0
  },
  {
    "Bus": 3101.0,
    "Type": 1.0,
    "V_mag_pu": 0.860137793483022,
    "V_ang_deg": -142.343940323244,
    "P_inj_MW": -2315.17498528219,
    "Q_inj_MVAr": 10284.7272312554,
    "Pg_MW": 0.0,
    "Qg_MVAr": 0.0,
    "Pd_MW": 341.3057,
    "Qd_MVAr": 52.828
  },
  {
    "Bus": 3102.0,
    "Type": 1.0,
    "V_mag_pu": 0.263339813728378,
    "V_ang_deg": -78.3354982135327,
    "P_inj_MW": 2289.51924129359,
    "Q_inj_MVAr": 2754.77829499521,
    "Pg_MW": 0.0,
    "Qg_MVAr": 0.0,
    "Pd_MW": 159.4648,
    "Qd_MVAr": 24.929
  },
  {
    "Bus": 3103.0,
    "Type": 1.0,
    "V_mag_pu": 6.68874727482128e-05,
    "V_ang_deg": -41.9613715834507,
    "P_inj_MW": 10.4292525663991,
    "Q_inj_MVAr": 8.24875908208005,
    "Pg_MW": 0.0,
    "Qg_MVAr": 0.0,
    "Pd_MW": 419.6109,
    "Qd_MVAr": 59.777
  },
  {
    "Bus": 3104.0,
    "Type": 1.0,
    "V_mag_pu": 0.281640426329589,
    "V_ang_deg": 81.71059966707,
    "P_inj_MW": 489.43156647965,
    "Q_inj_MVAr": 1644.51921754234,
    "Pg_MW": 0.0,
    "Qg_MVAr": 0.0,
    "Pd_MW": 309.9718,
    "Qd_MVAr": 40.133
  },
  {
    "Bus": 3105.0,
    "Type": 1.0,
    "V_mag_pu": 0.978275164031179,
    "V_ang_deg": -82.1269612926665,
    "P_inj_MW": -7.81932627852603,
    "Q_inj_MVAr": -45.2389413006047,
    "Pg_MW": 0.0,
    "Qg_MVAr": 0.0,
    "Pd_MW": 239.3018,
    "Qd_MVAr": 49.091
  },
  {
    "Bus": 3133.0,
    "Type": 2.0,
    "V_mag_pu": 1.0,
    "V_ang_deg": -172.000033479693,
    "P_inj_MW": -10.2419506950412,
    "Q_inj_MVAr": 200008.605800741,
    "Pg_MW": 21.05,
    "Qg_MVAr": 6.5,
    "Pd_MW": 0.0,
    "Qd_MVAr": 0.0
  },
  {
    "Bus": 3135.0,
    "Type": 2.0,
    "V_mag_pu": 1.0,
    "V_ang_deg": -82.069130785425,
    "P_inj_MW": 197.48100063432,
    "Q_inj_MVAr": 4345.06685579432,
    "Pg_MW": 197.5,
    "Qg_MVAr": 26.5,
    "Pd_MW": 0.0,
    "Qd_MVAr": 0.0
  },
  {
    "Bus": 3201.0,
    "Type": 1.0,
    "V_mag_pu": 0.00737656242100082,
    "V_ang_deg": -44.7894712772846,
    "P_inj_MW": -27.543689260693,
    "Q_inj_MVAr": 22.848714987555,
    "Pg_MW": 0.0,
    "Qg_MVAr": 0.0,
    "Pd_MW": 462.4769,
    "Qd_MVAr": 97.849
  },
  {
    "Bus": 3202.0,
    "Type": 1.0,
    "V_mag_pu": 0.15255859625962,
    "V_ang_deg": 163.822091627634,
    "P_inj_MW": -18.31456814954,
    "Q_inj_MVAr": 729.443040933842,
    "Pg_MW": 0.0,
    "Qg_MVAr": 0.0,
    "Pd_MW": 586.1795,
    "Qd_MVAr": 83.473
  },
  {
    "Bus": 3203.0,
    "Type": 1.0,
    "V_mag_pu": 0.0270463690158074,
    "V_ang_deg": -59.5652457661654,
    "P_inj_MW": -131.108439129149,
    "Q_inj_MVAr": 16.4265503173189,
    "Pg_MW": 0.0,
    "Qg_MVAr": 0.0,
    "Pd_MW": 657.1046,
    "Qd_MVAr": 158.476
  },
  {
    "Bus": 3204.0,
    "Type": 1.0,
    "V_mag_pu": 0.0105339650341527,
    "V_ang_deg": 32.8518317876345,
    "P_inj_MW": -896.886140236494,
    "Q_inj_MVAr": -1880.47532473488,
    "Pg_MW": 0.0,
    "Qg_MVAr": 0.0,
    "Pd_MW": 668.7879,
    "Qd_MVAr": 95.313
  },
  {
    "Bus": 3205.0,
    "Type": 1.0,
    "V_mag_pu": 0.254570358684985,
    "V_ang_deg": -151.038224119888,
    "P_inj_MW": 1247.52322544413,
    "Q_inj_MVAr": 1394.95730440796,
    "Pg_MW": 0.0,
    "Qg_MVAr": 0.0,
    "Pd_MW": 546.0609,
    "Qd_MVAr": 77.782
  },
  {
    "Bus": 3234.0,
    "Type": 2.0,
    "V_mag_pu": 1.0,
    "V_ang_deg": 58.6352042232805,
    "P_inj_MW": 916.391339920585,
    "Q_inj_MVAr": 198102.94868658,
    "Pg_MW": 2073.0,
    "Qg_MVAr": 113.0,
    "Pd_MW": 0.0,
    "Qd_MVAr": 0.0
  },
  {
    "Bus": 3301.0,
    "Type": 1.0,
    "V_mag_pu": 2.03962253070345,
    "V_ang_deg": 50.6271616385044,
    "P_inj_MW": 284026.514427379,
    "Q_inj_MVAr": 186886.538780333,
    "Pg_MW": 0.0,
    "Qg_MVAr": 0.0,
    "Pd_MW": 0.0,
    "Qd_MVAr": 0.0
  },
  {
    "Bus": 3302.0,
    "Type": 1.0,
    "V_mag_pu": 0.628575596401913,
    "V_ang_deg": 48.4392929208558,
    "P_inj_MW": 5051.37232493028,
    "Q_inj_MVAr": 11043.3413021879,
    "Pg_MW": 0.0,
    "Qg_MVAr": 0.0,
    "Pd_MW": 345.3259,
    "Qd_MVAr": 85.791
  },
  {
    "Bus": 3303.0,
    "Type": 1.0,
    "V_mag_pu": 0.000258771252422407,
    "V_ang_deg": 98.3153916853955,
    "P_inj_MW": 60.3530791153866,
    "Q_inj_MVAr": 2.83434533642303,
    "Pg_MW": 0.0,
    "Qg_MVAr": 0.0,
    "Pd_MW": 625.4106,
    "Qd_MVAr": 150.715
  },
  {
    "Bus": 3304.0,
    "Type": 1.0,
    "V_mag_pu": 0.33783727058282,
    "V_ang_deg": -65.7476921133468,
    "P_inj_MW": -2524.20175161187,
    "Q_inj_MVAr": 6082.88204559584,
    "Pg_MW": 0.0,
    "Qg_MVAr": 0.0,
    "Pd_MW": 533.4822,
    "Qd_MVAr": 122.616
  },
  {
    "Bus": 3305.0,
    "Type": 1.0,
    "V_mag_pu": 0.0172792235414303,
    "V_ang_deg": 35.2141503609991,
    "P_inj_MW": 26.7741964872331,
    "Q_inj_MVAr": -42.4582787481249,
    "Pg_MW": 0.0,
    "Qg_MVAr": 0.0,
    "Pd_MW": 430.3196,
    "Qd_MVAr": 61.225
  },
  {
    "Bus": 3333.0,
    "Type": 2.0,
    "V_mag_pu": 1.0,
    "V_ang_deg": 0.248725290530853,
    "P_inj_MW": -51.2421661820406,
    "Q_inj_MVAr": 200007.262427155,
    "Pg_MW": 451.5,
    "Qg_MVAr": 115.5,
    "Pd_MW": 0.0,
    "Qd_MVAr": 0.0
  },
  {
    "Bus": 3401.0,
    "Type": 1.0,
    "V_mag_pu": 0.266809449965319,
    "V_ang_deg": 138.409250723999,
    "P_inj_MW": -40.4159145382561,
    "Q_inj_MVAr": 2273.56992776464,
    "Pg_MW": 0.0,
    "Qg_MVAr": 0.0,
    "Pd_MW": 557.7071,
    "Qd_MVAr": 135.909
  },
  {
    "Bus": 3402.0,
    "Type": 1.0,
    "V_mag_pu": 0.000499074892624692,
    "V_ang_deg": 92.13294527061,
    "P_inj_MW": 63.2416332162634,
    "Q_inj_MVAr": -77.1302784953754,
    "Pg_MW": 0.0,
    "Qg_MVAr": 0.0,
    "Pd_MW": 0.0,
    "Qd_MVAr": 0.0
  },
  {
    "Bus": 3403.0,
    "Type": 1.0,
    "V_mag_pu": 0.00143121998748778,
    "V_ang_deg": 61.1705197094738,
    "P_inj_MW": -278.570142613356,
    "Q_inj_MVAr": 73.9734395451222,
    "Pg_MW": 0.0,
    "Qg_MVAr": 0.0,
    "Pd_MW": 515.9687,
    "Qd_MVAr": 73.583
  },
  {
    "Bus": 3404.0,
    "Type": 1.0,
    "V_mag_pu": 0.575081298675432,
    "V_ang_deg": 110.936721593821,
    "P_inj_MW": 9281.40100096129,
    "Q_inj_MVAr": 6460.53809930682,
    "Pg_MW": 0.0,
    "Qg_MVAr": 0.0,
    "Pd_MW": 438.461,
    "Qd_MVAr": 62.075
  },
  {
    "Bus": 3405.0,
    "Type": 1.0,
    "V_mag_pu": 0.742946160198887,
    "V_ang_deg": -64.3027559252921,
    "P_inj_MW": 1097.36759524862,
    "Q_inj_MVAr": 1831.05912440481,
    "Pg_MW": 0.0,
    "Qg_MVAr": 0.0,
    "Pd_MW": 448.8976,
    "Qd_MVAr": 63.723
  },
  {
    "Bus": 3432.0,
    "Type": 2.0,
    "V_mag_pu": 1.0,
    "V_ang_deg": 52.2759558514436,
    "P_inj_MW": -63.9687804521145,
    "Q_inj_MVAr": 199923.377385418,
    "Pg_MW": 147.0,
    "Qg_MVAr": 102.0,
    "Pd_MW": 0.0,
    "Qd_MVAr": 0.0
  },
  {
    "Bus": 3433.0,
    "Type": 2.0,
    "V_mag_pu": 1.0,
    "V_ang_deg": 166.386722161487,
    "P_inj_MW": 276.208944862708,
    "Q_inj_MVAr": 200075.128189657,
    "Pg_MW": 1322.0,
    "Qg_MVAr": 216.5,
    "Pd_MW": 0.0,
    "Qd_MVAr": 0.0
  },
  {
    "Bus": 3501.0,
    "Type": 1.0,
    "V_mag_pu": 0.00318347706264911,
    "V_ang_deg": -96.8680161567097,
    "P_inj_MW": -601.348579019858,
    "Q_inj_MVAr": -169.233761232598,
    "Pg_MW": 0.0,
    "Qg_MVAr": 0.0,
    "Pd_MW": 625.0164,
    "Qd_MVAr": 89.015
  },
  {
    "Bus": 3531.0,
    "Type": 2.0,
    "V_mag_pu": 1.0,
    "V_ang_deg": -23.0413308608968,
    "P_inj_MW": 611.497249643514,
    "Q_inj_MVAr": 199822.652425968,
    "Pg_MW": 611.5,
    "Qg_MVAr": 240.0,
    "Pd_MW": 0.0,
    "Qd_MVAr": 0.0
  },
  {
    "Bus": 3601.0,
    "Type": 1.0,
    "V_mag_pu": 0.987299384310692,
    "V_ang_deg": -144.930266858545,
    "P_inj_MW": 158.953784356731,
    "Q_inj_MVAr": 741.978947225903,
    "Pg_MW": 0.0,
    "Qg_MVAr": 0.0,
    "Pd_MW": 104.8564,
    "Qd_MVAr": 14.844
  },
  {
    "Bus": 3631.0,
    "Type": 2.0,
    "V_mag_pu": 1.0,
    "V_ang_deg": -144.901831396982,
    "P_inj_MW": 97.9978378154522,
    "Q_inj_MVAr": 2540.14745565465,
    "Pg_MW": 98.0,
    "Qg_MVAr": 23.0,
    "Pd_MW": 0.0,
    "Qd_MVAr": 0.0
  },
  {
    "Bus": 3701.0,
    "Type": 1.0,
    "V_mag_pu": 0.00064544363747578,
    "V_ang_deg": 6.83145405083251,
    "P_inj_MW": -7.22720986793628,
    "Q_inj_MVAr": -130.604427403294,
    "Pg_MW": 0.0,
    "Qg_MVAr": 0.0,
    "Pd_MW": 317.0506,
    "Qd_MVAr": 15.847
  },
  {
    "Bus": 3731.0,
    "Type": 2.0,
    "V_mag_pu": 1.0,
    "V_ang_deg": 10.008520894085,
    "P_inj_MW": 7.15433809764363,
    "Q_inj_MVAr": 199871.109678359,
    "Pg_MW": 127.5,
    "Qg_MVAr": 39.5,
    "Pd_MW": 0.0,
    "Qd_MVAr": 0.0
  },
  {
    "Bus": 3801.0,
    "Type": 1.0,
    "V_mag_pu": 0.00576669220193018,
    "V_ang_deg": 85.9047851381667,
    "P_inj_MW": -1175.86440969824,
    "Q_inj_MVAr": 42.0812457272367,
    "Pg_MW": 0.0,
    "Qg_MVAr": 0.0,
    "Pd_MW": 191.2229,
    "Qd_MVAr": 47.411
  },
  {
    "Bus": 3802.0,
    "Type": 1.0,
    "V_mag_pu": 1.90228468305898,
    "V_ang_deg": -90.507513239839,
    "P_inj_MW": -167674.119744146,
    "Q_inj_MVAr": 378891.970518145,
    "Pg_MW": 0.0,
    "Qg_MVAr": 0.0,
    "Pd_MW": 0.0,
    "Qd_MVAr": 0.0
  },
  {
    "Bus": 3803.0,
    "Type": 1.0,
    "V_mag_pu": 2.79147675266209,
    "V_ang_deg": -111.898192952012,
    "P_inj_MW": 72187.7742029488,
    "Q_inj_MVAr": -712896.280615368,
    "Pg_MW": 0.0,
    "Qg_MVAr": 0.0,
    "Pd_MW": 0.0,
    "Qd_MVAr": 0.0
  },
  {
    "Bus": 3804.0,
    "Type": 1.0,
    "V_mag_pu": 0.00342617045603698,
    "V_ang_deg": -179.859196242753,
    "P_inj_MW": -23.4849760056199,
    "Q_inj_MVAr": -8.18087797042318,
    "Pg_MW": 0.0,
    "Qg_MVAr": 0.0,
    "Pd_MW": 223.6404,
    "Qd_MVAr": 55.318
  },
  {
    "Bus": 3805.0,
    "Type": 1.0,
    "V_mag_pu": 0.00232469245298587,
    "V_ang_deg": 110.141334517047,
    "P_inj_MW": -484.704246347649,
    "Q_inj_MVAr": -119.427342615633,
    "Pg_MW": 0.0,
    "Qg_MVAr": 0.0,
    "Pd_MW": 499.3888,
    "Qd_MVAr": 163.106
  },
  {
    "Bus": 3806.0,
    "Type": 1.0,
    "V_mag_pu": 0.00343075361707909,
    "V_ang_deg": -10.611423795823,
    "P_inj_MW": 310.218579982885,
    "Q_inj_MVAr": -609.528548278264,
    "Pg_MW": 0.0,
    "Qg_MVAr": 0.0,
    "Pd_MW": 289.5858,
    "Qd_MVAr": 41.366
  },
  {
    "Bus": 3831.0,
    "Type": 2.0,
    "V_mag_pu": 1.0,
    "V_ang_deg": 167.432499440453,
    "P_inj_MW": 1140.75233932177,
    "Q_inj_MVAr": 199830.077492945,
    "Pg_MW": 1133.5,
    "Qg_MVAr": 97.5,
    "Pd_MW": 0.0,
    "Qd_MVAr": 0.0
  },
  {
    "Bus": 3835.0,
    "Type": 2.0,
    "V_mag_pu": 1.0,
    "V_ang_deg": 176.042849955018,
    "P_inj_MW": 424.416765756592,
    "Q_inj_MVAr": 199810.16267758,
    "Pg_MW": 435.5,
    "Qg_MVAr": 91.75,
    "Pd_MW": 0.0,
    "Qd_MVAr": 0.0
  },
  {
    "Bus": 3836.0,
    "Type": 2.0,
    "V_mag_pu": 1.0,
    "V_ang_deg": -37.4909794629684,
    "P_inj_MW": -310.220041929335,
    "Q_inj_MVAr": 199387.981747961,
    "Pg_MW": 510.5,
    "Qg_MVAr": 62.0,
    "Pd_MW": 0.0,
    "Qd_MVAr": 0.0
  },
  {
    "Bus": 3891.0,
    "Type": 1.0,
    "V_mag_pu": 24.2578874785685,
    "V_ang_deg": 59.2211856629909,
    "P_inj_MW": 229857.554694044,
    "Q_inj_MVAr": -2686411.29169102,
    "Pg_MW": 0.0,
    "Qg_MVAr": 0.0,
    "Pd_MW": 0.0,
    "Qd_MVAr": 0.0
  },
  {
    "Bus": 3892.0,
    "Type": 1.0,
    "V_mag_pu": 2.02639479004852,
    "V_ang_deg": 92.4034093601532,
    "P_inj_MW": 25588.1083109644,
    "Q_inj_MVAr": -84047.3082490938,
    "Pg_MW": 0.0,
    "Qg_MVAr": 0.0,
    "Pd_MW": 0.0,
    "Qd_MVAr": 0.0
  },
  {
    "Bus": 3893.0,
    "Type": 1.0,
    "V_mag_pu": 0.00304837495031875,
    "V_ang_deg": -164.864031944844,
    "P_inj_MW": 34.128514480087,
    "Q_inj_MVAr": 23.018789741126,
    "Pg_MW": 0.0,
    "Qg_MVAr": 0.0,
    "Pd_MW": 0.0,
    "Qd_MVAr": 0.0
  },
  {
    "Bus": 3894.0,
    "Type": 1.0,
    "V_mag_pu": 0.0534539391118473,
    "V_ang_deg": 111.059228751143,
    "P_inj_MW": 726.254116779267,
    "Q_inj_MVAr": -970.492924872589,
    "Pg_MW": 0.0,
    "Qg_MVAr": 0.0,
    "Pd_MW": 0.0,
    "Qd_MVAr": 0.0
  },
  {
    "Bus": 3895.0,
    "Type": 1.0,
    "V_mag_pu": 2.03110474676415,
    "V_ang_deg": -131.184325801604,
    "P_inj_MW": 309.007382533895,
    "Q_inj_MVAr": -14181.1179835193,
    "Pg_MW": 0.0,
    "Qg_MVAr": 0.0,
    "Pd_MW": 0.0,
    "Qd_MVAr": 0.0
  },
  {
    "Bus": 3896.0,
    "Type": 1.0,
    "V_mag_pu": 0.382106482378302,
    "V_ang_deg": 1.72391546304097,
    "P_inj_MW": -12927.2837799546,
    "Q_inj_MVAr": -15036.8800887173,
    "Pg_MW": 0.0,
    "Qg_MVAr": 0.0,
    "Pd_MW": 0.0,
    "Qd_MVAr": 0.0
  },
  {
    "Bus": 3897.0,
    "Type": 1.0,
    "V_mag_pu": 6.45809934850942,
    "V_ang_deg": 13.9704989059142,
    "P_inj_MW": -18495.1931023661,
    "Q_inj_MVAr": -388924.947431006,
    "Pg_MW": 0.0,
    "Qg_MVAr": 0.0,
    "Pd_MW": 0.0,
    "Qd_MVAr": 0.0
  },
  {
    "Bus": 3901.0,
    "Type": 1.0,
    "V_mag_pu": 5.98028159449134,
    "V_ang_deg": 47.2364132023099,
    "P_inj_MW": -698462.563078234,
    "Q_inj_MVAr": -1190252.97754123,
    "Pg_MW": 0.0,
    "Qg_MVAr": 0.0,
    "Pd_MW": 0.0,
    "Qd_MVAr": 0.0
  },
  {
    "Bus": 3902.0,
    "Type": 1.0,
    "V_mag_pu": 0.00367654308706581,
    "V_ang_deg": 131.94617833857,
    "P_inj_MW": -476.282885601644,
    "Q_inj_MVAr": 138.023626111829,
    "Pg_MW": 0.0,
    "Qg_MVAr": 0.0,
    "Pd_MW": 152.9913,
    "Qd_MVAr": 38.248
  },
  {
    "Bus": 3903.0,
    "Type": 1.0,
    "V_mag_pu": 11.6085403174003,
    "V_ang_deg": 114.540393473137,
    "P_inj_MW": -533539.843563874,
    "Q_inj_MVAr": 575792.453686102,
    "Pg_MW": 0.0,
    "Qg_MVAr": 0.0,
    "Pd_MW": 213.2478,
    "Qd_MVAr": 30.269
  },
  {
    "Bus": 3904.0,
    "Type": 1.0,
    "V_mag_pu": 0.0545731643612978,
    "V_ang_deg": -172.274344525287,
    "P_inj_MW": -6215.57703419105,
    "Q_inj_MVAr": 1865.6262342597,
    "Pg_MW": 0.0,
    "Qg_MVAr": 0.0,
    "Pd_MW": 0.0,
    "Qd_MVAr": 0.0
  },
  {
    "Bus": 3905.0,
    "Type": 1.0,
    "V_mag_pu": 1.91048664260815,
    "V_ang_deg": -71.9617334378912,
    "P_inj_MW": 73737.8149795608,
    "Q_inj_MVAr": 398478.747515446,
    "Pg_MW": 0.0,
    "Qg_MVAr": 0.0,
    "Pd_MW": 0.0,
    "Qd_MVAr": 0.0
  },
  {
    "Bus": 3906.0,
    "Type": 1.0,
    "V_mag_pu": 0.0203536070012136,
    "V_ang_deg": 39.3293587423989,
    "P_inj_MW": 1882.6191987451,
    "Q_inj_MVAr": 122.797367410028,
    "Pg_MW": 0.0,
    "Qg_MVAr": 0.0,
    "Pd_MW": 0.0,
    "Qd_MVAr": 0.0
  },
  {
    "Bus": 3907.0,
    "Type": 1.0,
    "V_mag_pu": 1.35194240915564,
    "V_ang_deg": -67.3268096743543,
    "P_inj_MW": -7784.32514926065,
    "Q_inj_MVAr": 22606.2939691662,
    "Pg_MW": 0.0,
    "Qg_MVAr": 0.0,
    "Pd_MW": 461.3573,
    "Qd_MVAr": 63.071
  },
  {
    "Bus": 3908.0,
    "Type": 1.0,
    "V_mag_pu": 1.32117349547951,
    "V_ang_deg": 47.3795987059247,
    "P_inj_MW": 7099.50898000705,
    "Q_inj_MVAr": 13575.5903472035,
    "Pg_MW": 0.0,
    "Qg_MVAr": 0.0,
    "Pd_MW": 200.2788,
    "Qd_MVAr": 24.716
  },
  {
    "Bus": 3909.0,
    "Type": 1.0,
    "V_mag_pu": 0.316949639839752,
    "V_ang_deg": 63.4350934779889,
    "P_inj_MW": 164.429295443181,
    "Q_inj_MVAr": 293.964038763601,
    "Pg_MW": 0.0,
    "Qg_MVAr": 0.0,
    "Pd_MW": 170.957,
    "Qd_MVAr": 39.785
  },
  {
    "Bus": 3910.0,
    "Type": 1.0,
    "V_mag_pu": 0.928396550613224,
    "V_ang_deg": -140.315690667221,
    "P_inj_MW": 385.934405859801,
    "Q_inj_MVAr": 536.69185686374,
    "Pg_MW": 0.0,
    "Qg_MVAr": 0.0,
    "Pd_MW": 241.8392,
    "Qd_MVAr": 34.44
  },
  {
    "Bus": 3911.0,
    "Type": 1.0,
    "V_mag_pu": 1.35890359102806,
    "V_ang_deg": -142.674837501151,
    "P_inj_MW": -12411.8687558719,
    "Q_inj_MVAr": 43002.8122807816,
    "Pg_MW": 0.0,
    "Qg_MVAr": 0.0,
    "Pd_MW": 233.1345,
    "Qd_MVAr": 47.114
  },
  {
    "Bus": 3912.0,
    "Type": 1.0,
    "V_mag_pu": 0.0564583211539566,
    "V_ang_deg": 11.3602159259611,
    "P_inj_MW": 40.7063704369313,
    "Q_inj_MVAr": 77.4952733440855,
    "Pg_MW": 0.0,
    "Qg_MVAr": 0.0,
    "Pd_MW": 174.5029,
    "Qd_MVAr": -0.634
  },
  {
    "Bus": 3913.0,
    "Type": 1.0,
    "V_mag_pu": 1.191534786964,
    "V_ang_deg": 77.7578849324066,
    "P_inj_MW": 5530.35965116599,
    "Q_inj_MVAr": 13773.1398186914,
    "Pg_MW": 0.0,
    "Qg_MVAr": 0.0,
    "Pd_MW": 329.5484,
    "Qd_MVAr": 43.435
  },
  {
    "Bus": 3914.0,
    "Type": 1.0,
    "V_mag_pu": 1.16708902441845,
    "V_ang_deg": 172.768907989522,
    "P_inj_MW": 306.296259564632,
    "Q_inj_MVAr": 8554.71342165827,
    "Pg_MW": 0.0,
    "Qg_MVAr": 0.0,
    "Pd_MW": 227.7536,
    "Qd_MVAr": 52.549
  },
  {
    "Bus": 3915.0,
    "Type": 1.0,
    "V_mag_pu": 0.707459058511486,
    "V_ang_deg": 57.4416290573614,
    "P_inj_MW": -394.531304898336,
    "Q_inj_MVAr": 5593.52588049419,
    "Pg_MW": 0.0,
    "Qg_MVAr": 0.0,
    "Pd_MW": 254.4589,
    "Qd_MVAr": 53.402
  },
  {
    "Bus": 3916.0,
    "Type": 1.0,
    "V_mag_pu": 0.716554851448506,
    "V_ang_deg": 62.8341764348924,
    "P_inj_MW": -270.173007559495,
    "Q_inj_MVAr": 1525.39853673831,
    "Pg_MW": 0.0,
    "Qg_MVAr": 0.0,
    "Pd_MW": 155.0024,
    "Qd_MVAr": 0.0
  },
  {
    "Bus": 3917.0,
    "Type": 1.0,
    "V_mag_pu": 3.50267007521026,
    "V_ang_deg": 15.4096877253976,
    "P_inj_MW": -66266.3766960746,
    "Q_inj_MVAr": 12662.1598642222,
    "Pg_MW": 0.0,
    "Qg_MVAr": 0.0,
    "Pd_MW": 238.1882,
    "Qd_MVAr": 43.995
  },
  {
    "Bus": 3918.0,
    "Type": 1.0,
    "V_mag_pu": 0.970499981811323,
    "V_ang_deg": 8.70958085250767,
    "P_inj_MW": -703.548026535288,
    "Q_inj_MVAr": 15686.0450617277,
    "Pg_MW": 0.0,
    "Qg_MVAr": 0.0,
    "Pd_MW": 319.2809,
    "Qd_MVAr": 75.464
  },
  {
    "Bus": 3919.0,
    "Type": 1.0,
    "V_mag_pu": 0.300494021407379,
    "V_ang_deg": 43.9301419580173,
    "P_inj_MW": -370.646919905076,
    "Q_inj_MVAr": 338.540592164818,
    "Pg_MW": 0.0,
    "Qg_MVAr": 0.0,
    "Pd_MW": 184.5093,
    "Qd_MVAr": 24.094
  },
  {
    "Bus": 3920.0,
    "Type": 1.0,
    "V_mag_pu": 0.0684770440800268,
    "V_ang_deg": 46.1886142884882,
    "P_inj_MW": -345.490551949718,
    "Q_inj_MVAr": -829.67706223284,
    "Pg_MW": 0.0,
    "Qg_MVAr": 0.0,
    "Pd_MW": 172.5018,
    "Qd_MVAr": 23.677
  },
  {
    "Bus": 3921.0,
    "Type": 1.0,
    "V_mag_pu": 4.139680894113,
    "V_ang_deg": -10.5540343718074,
    "P_inj_MW": 160167.677130214,
    "Q_inj_MVAr": 4432856.29297278,
    "Pg_MW": 0.0,
    "Qg_MVAr": 0.0,
    "Pd_MW": 150.8902,
    "Qd_MVAr": 34.821
  },
  {
    "Bus": 3922.0,
    "Type": 1.0,
    "V_mag_pu": 0.28579905610326,
    "V_ang_deg": 131.072600691451,
    "P_inj_MW": -750.828448100209,
    "Q_inj_MVAr": 3876.07162670629,
    "Pg_MW": 0.0,
    "Qg_MVAr": 0.0,
    "Pd_MW": 253.4454,
    "Qd_MVAr": 31.919
  },
  {
    "Bus": 3923.0,
    "Type": 1.0,
    "V_mag_pu": 0.927299504853272,
    "V_ang_deg": 5.13163681035489,
    "P_inj_MW": -38370.0265666687,
    "Q_inj_MVAr": 38713.1975988999,
    "Pg_MW": 0.0,
    "Qg_MVAr": 0.0,
    "Pd_MW": 399.0618,
    "Qd_MVAr": 67.021
  },
  {
    "Bus": 3924.0,
    "Type": 1.0,
    "V_mag_pu": 0.298999993451273,
    "V_ang_deg": 131.938189679137,
    "P_inj_MW": 348.425051991373,
    "Q_inj_MVAr": 2663.87251356494,
    "Pg_MW": 0.0,
    "Qg_MVAr": 0.0,
    "Pd_MW": 332.4879,
    "Qd_MVAr": 47.165
  },
  {
    "Bus": 3925.0,
    "Type": 1.0,
    "V_mag_pu": 0.0388011676688452,
    "V_ang_deg": -99.1167694782296,
    "P_inj_MW": 202.513843158065,
    "Q_inj_MVAr": -222.738599305781,
    "Pg_MW": 0.0,
    "Qg_MVAr": 0.0,
    "Pd_MW": 0.0,
    "Qd_MVAr": 0.0
  },
  {
    "Bus": 3926.0,
    "Type": 1.0,
    "V_mag_pu": 0.380268508296348,
    "V_ang_deg": -1.8942719011266,
    "P_inj_MW": 2.46135211625731,
    "Q_inj_MVAr": 1840.68358189034,
    "Pg_MW": 0.0,
    "Qg_MVAr": 0.0,
    "Pd_MW": 267.3529,
    "Qd_MVAr": 16.668
  },
  {
    "Bus": 3931.0,
    "Type": 2.0,
    "V_mag_pu": 1.0,
    "V_ang_deg": 178.226440255291,
    "P_inj_MW": -126383.676886123,
    "Q_inj_MVAr": 1018233.1467376,
    "Pg_MW": 2005.0,
    "Qg_MVAr": 187.0,
    "Pd_MW": 0.0,
    "Qd_MVAr": 0.0
  },
  {
    "Bus": 3932.0,
    "Type": 2.0,
    "V_mag_pu": 1.0,
    "V_ang_deg": -125.675301118423,
    "P_inj_MW": 718.214685654038,
    "Q_inj_MVAr": 200157.627498086,
    "Pg_MW": 739.0,
    "Qg_MVAr": 325.0,
    "Pd_MW": 0.0,
    "Qd_MVAr": 0.0
  },
  {
    "Bus": 3933.0,
    "Type": 3.0,
    "V_mag_pu": 1.0,
    "V_ang_deg": 0.0,
    "P_inj_MW": -16588.3243070273,
    "Q_inj_MVAr": 15283.4540038987,
    "Pg_MW": -16588.3243070273,
    "Qg_MVAr": 15283.4540038987,
    "Pd_MW": 0.0,
    "Qd_MVAr": 0.0
  },
  {
    "Bus": 4001.0,
    "Type": 1.0,
    "V_mag_pu": 0.540736545578782,
    "V_ang_deg": -84.9974999680654,
    "P_inj_MW": 19009.6903546923,
    "Q_inj_MVAr": 580466.462544205,
    "Pg_MW": 0.0,
    "Qg_MVAr": 0.0,
    "Pd_MW": 0.0,
    "Qd_MVAr": 0.0
  },
  {
    "Bus": 4002.0,
    "Type": 1.0,
    "V_mag_pu": 1.1367637798296,
    "V_ang_deg": 26.6578589373908,
    "P_inj_MW": 10536.63958034,
    "Q_inj_MVAr": 23401.4364590463,
    "Pg_MW": 0.0,
    "Qg_MVAr": 0.0,
    "Pd_MW": 168.6841,
    "Qd_MVAr": 21.998
  },
  {
    "Bus": 4003.0,
    "Type": 1.0,
    "V_mag_pu": 11.3214959964448,
    "V_ang_deg": -3.61436895246607,
    "P_inj_MW": -16808.02118512,
    "Q_inj_MVAr": -485726.280342472,
    "Pg_MW": 0.0,
    "Qg_MVAr": 0.0,
    "Pd_MW": 0.0,
    "Qd_MVAr": 0.0
  },
  {
    "Bus": 4004.0,
    "Type": 1.0,
    "V_mag_pu": 2.08050534078539,
    "V_ang_deg": -81.1916866658048,
    "P_inj_MW": 21958.4175687199,
    "Q_inj_MVAr": 207260.524833632,
    "Pg_MW": 0.0,
    "Qg_MVAr": 0.0,
    "Pd_MW": 270.4505,
    "Qd_MVAr": 35.297
  },
  {
    "Bus": 4005.0,
    "Type": 1.0,
    "V_mag_pu": 2.889949124029,
    "V_ang_deg": -121.852003885991,
    "P_inj_MW": -192855.118005489,
    "Q_inj_MVAr": 1822198.33230966,
    "Pg_MW": 0.0,
    "Qg_MVAr": 0.0,
    "Pd_MW": 480.1144,
    "Qd_MVAr": 157.418
  },
  {
    "Bus": 4006.0,
    "Type": 1.0,
    "V_mag_pu": 0.435002403279893,
    "V_ang_deg": -82.5376179157652,
    "P_inj_MW": 7005.92645617772,
    "Q_inj_MVAr": 43361.1203737284,
    "Pg_MW": 0.0,
    "Qg_MVAr": 0.0,
    "Pd_MW": 0.0,
    "Qd_MVAr": 0.0
  },
  {
    "Bus": 4007.0,
    "Type": 1.0,
    "V_mag_pu": 0.208034060881795,
    "V_ang_deg": -73.196150477162,
    "P_inj_MW": 9039.38313323045,
    "Q_inj_MVAr": -30444.428880294,
    "Pg_MW": 0.0,
    "Qg_MVAr": 0.0,
    "Pd_MW": 0.0,
    "Qd_MVAr": 0.0
  },
  {
    "Bus": 4008.0,
    "Type": 1.0,
    "V_mag_pu": 9.11306164672716,
    "V_ang_deg": 104.620788066589,
    "P_inj_MW": -62988.754165166,
    "Q_inj_MVAr": 1338898.37095031,
    "Pg_MW": 0.0,
    "Qg_MVAr": 0.0,
    "Pd_MW": 285.1446,
    "Qd_MVAr": 37.198
  },
  {
    "Bus": 4009.0,
    "Type": 1.0,
    "V_mag_pu": 0.0258866730250471,
    "V_ang_deg": -25.1903421023263,
    "P_inj_MW": 2467.11634937088,
    "Q_inj_MVAr": -4967.29808243189,
    "Pg_MW": 0.0,
    "Qg_MVAr": 0.0,
    "Pd_MW": 2208.7429,
    "Qd_MVAr": 431.395
  },
  {
    "Bus": 4010.0,
    "Type": 1.0,
    "V_mag_pu": 0.155049529365244,
    "V_ang_deg": -84.2180210931219,
    "P_inj_MW": -662.681892299485,
    "Q_inj_MVAr": 3245.77419462207,
    "Pg_MW": 0.0,
    "Qg_MVAr": 0.0,
    "Pd_MW": 3133.6101,
    "Qd_MVAr": 0.0
  },
  {
    "Bus": 4031.0,
    "Type": 2.0,
    "V_mag_pu": 1.0,
    "V_ang_deg": 85.9662967307311,
    "P_inj_MW": 16985.4564465865,
    "Q_inj_MVAr": 306805.125056245,
    "Pg_MW": 1148.0,
    "Qg_MVAr": 0.0,
    "Pd_MW": 0.0,
    "Qd_MVAr": 0.0
  },
  {
    "Bus": 4035.0,
    "Type": 2.0,
    "V_mag_pu": 1.0,
    "V_ang_deg": -118.539341567096,
    "P_inj_MW": 33398.9444987156,
    "Q_inj_MVAr": -377024.04463368,
    "Pg_MW": 2885.0,
    "Qg_MVAr": 0.0,
    "Pd_MW": 0.0,
    "Qd_MVAr": 0.0
  },
  {
    "Bus": 4039.0,
    "Type": 2.0,
    "V_mag_pu": 1.0,
    "V_ang_deg": -44.4904320218898,
    "P_inj_MW": -1711.19127148311,
    "Q_inj_MVAr": 195113.629358652,
    "Pg_MW": 1748.5,
    "Qg_MVAr": 0.0,
    "Pd_MW": 0.0,
    "Qd_MVAr": 0.0
  },
  {
    "Bus": 4090.0,
    "Type": 1.0,
    "V_mag_pu": 0.256584806154443,
    "V_ang_deg": -144.527407128046,
    "P_inj_MW": -1989.70218712459,
    "Q_inj_MVAr": 14940.9124043001,
    "Pg_MW": 0.0,
    "Qg_MVAr": 0.0,
    "Pd_MW": 0.0,
    "Qd_MVAr": 0.0
  },
  {
    "Bus": 4091.0,
    "Type": 1.0,
    "V_mag_pu": 2.18404862735589,
    "V_ang_deg": 82.5037153403569,
    "P_inj_MW": 45773.2637189315,
    "Q_inj_MVAr": 153475.155484266,
    "Pg_MW": 0.0,
    "Qg_MVAr": 0.0,
    "Pd_MW": 0.0,
    "Qd_MVAr": 0.0
  },
  {
    "Bus": 4092.0,
    "Type": 1.0,
    "V_mag_pu": 2.29242634713562,
    "V_ang_deg": 10.646687513662,
    "P_inj_MW": -204811.124587191,
    "Q_inj_MVAr": 349592.474946924,
    "Pg_MW": 0.0,
    "Qg_MVAr": 0.0,
    "Pd_MW": 0.0,
    "Qd_MVAr": 0.0
  },
  {
    "Bus": 4093.0,
    "Type": 1.0,
    "V_mag_pu": 1.76169109511502,
    "V_ang_deg": 98.4693791344697,
    "P_inj_MW": 730448.121694005,
    "Q_inj_MVAr": 681677.561964226,
    "Pg_MW": 0.0,
    "Qg_MVAr": 0.0,
    "Pd_MW": 0.0,
    "Qd_MVAr": 0.0
  },
  {
    "Bus": 4094.0,
    "Type": 1.0,
    "V_mag_pu": 51.4127111327826,
    "V_ang_deg": 141.119048105041,
    "P_inj_MW": 299170.39612463,
    "Q_inj_MVAr": -2865587.28265421,
    "Pg_MW": 0.0,
    "Qg_MVAr": 0.0,
    "Pd_MW": 0.0,
    "Qd_MVAr": 0.0
  },
  {
    "Bus": 4095.0,
    "Type": 1.0,
    "V_mag_pu": 1.58465687058393,
    "V_ang_deg": 110.555114219334,
    "P_inj_MW": 27457.5393862177,
    "Q_inj_MVAr": 145773.100165824,
    "Pg_MW": 0.0,
    "Qg_MVAr": 0.0,
    "Pd_MW": 0.0,
    "Qd_MVAr": 0.0
  },
  {
    "Bus": 4096.0,
    "Type": 1.0,
    "V_mag_pu": 0.625148295805098,
    "V_ang_deg": 80.1481877971204,
    "P_inj_MW": -51554.3775434935,
    "Q_inj_MVAr": -22906.3818709252,
    "Pg_MW": 0.0,
    "Qg_MVAr": 0.0,
    "Pd_MW": 0.0,
    "Qd_MVAr": 0.0
  },
  {
    "Bus": 4097.0,
    "Type": 1.0,
    "V_mag_pu": 4.59206753338684,
    "V_ang_deg": 11.5208551011869,
    "P_inj_MW": 46476.6185744293,
    "Q_inj_MVAr": -9895.57050315745,
    "Pg_MW": 0.0,
    "Qg_MVAr": 0.0,
    "Pd_MW": 0.0,
    "Qd_MVAr": 0.0
  },
  {
    "Bus": 4101.0,
    "Type": 1.0,
    "V_mag_pu": 1.71335990008261,
    "V_ang_deg": -124.450385048865,
    "P_inj_MW": -38188.5622466305,
    "Q_inj_MVAr": 1006545.792434,
    "Pg_MW": 0.0,
    "Qg_MVAr": 0.0,
    "Pd_MW": 995.0275,
    "Qd_MVAr": 129.784
  },
  {
    "Bus": 4102.0,
    "Type": 1.0,
    "V_mag_pu": 0.876534082213909,
    "V_ang_deg": 6.20612076844351,
    "P_inj_MW": -23413.1601373489,
    "Q_inj_MVAr": -21818.5170962802,
    "Pg_MW": 0.0,
    "Qg_MVAr": 0.0,
    "Pd_MW": 480.649,
    "Qd_MVAr": 68.664
  },
  {
    "Bus": 4103.0,
    "Type": 1.0,
    "V_mag_pu": 6.85161691734458,
    "V_ang_deg": -107.359527801366,
    "P_inj_MW": 118698.199915031,
    "Q_inj_MVAr": 759305.730652101,
    "Pg_MW": 0.0,
    "Qg_MVAr": 0.0,
    "Pd_MW": 11.6269,
    "Qd_MVAr": 1.509
  },
  {
    "Bus": 4104.0,
    "Type": 1.0,
    "V_mag_pu": 1.22351575981215,
    "V_ang_deg": 149.489534368143,
    "P_inj_MW": -78254.5425178192,
    "Q_inj_MVAr": 49118.65471667,
    "Pg_MW": 0.0,
    "Qg_MVAr": 0.0,
    "Pd_MW": 2527.7724,
    "Qd_MVAr": 329.74
  },
  {
    "Bus": 4131.0,
    "Type": 2.0,
    "V_mag_pu": 1.0,
    "V_ang_deg": 51.3991414093647,
    "P_inj_MW": 24801.2585719253,
    "Q_inj_MVAr": 541773.292493273,
    "Pg_MW": 6601.5,
    "Qg_MVAr": 0.0,
    "Pd_MW": 0.0,
    "Qd_MVAr": 0.0
  },
  {
    "Bus": 4132.0,
    "Type": 2.0,
    "V_mag_pu": 1.0,
    "V_ang_deg": 9.38657092464985,
    "P_inj_MW": 9726.16674009605,
    "Q_inj_MVAr": 24963.1993783963,
    "Pg_MW": 5217.0,
    "Qg_MVAr": 0.0,
    "Pd_MW": 0.0,
    "Qd_MVAr": 0.0
  },
  {
    "Bus": 4201.0,
    "Type": 1.0,
    "V_mag_pu": 0.672414179078092,
    "V_ang_deg": 98.7865664314959,
    "P_inj_MW": 9638.42955589693,
    "Q_inj_MVAr": 268092.960565543,
    "Pg_MW": 0.0,
    "Qg_MVAr": 0.0,
    "Pd_MW": 5762.6589,
    "Qd_MVAr": 461.013
  },
  {
    "Bus": 4202.0,
    "Type": 1.0,
    "V_mag_pu": 3.81750536218615,
    "V_ang_deg": 25.413755884844,
    "P_inj_MW": 2039890.31678055,
    "Q_inj_MVAr": 4028217.55591242,
    "Pg_MW": 0.0,
    "Qg_MVAr": 0.0,
    "Pd_MW": 4558.2389,
    "Qd_MVAr": 594.626
  },
  {
    "Bus": 4203.0,
    "Type": 1.0,
    "V_mag_pu": 7.52075543936698,
    "V_ang_deg": -97.5684227517068,
    "P_inj_MW": 335088.333817011,
    "Q_inj_MVAr": 4744488.24900136,
    "Pg_MW": 0.0,
    "Qg_MVAr": 0.0,
    "Pd_MW": 4379.6262,
    "Qd_MVAr": 571.331
  },
  {
    "Bus": 4204.0,
    "Type": 1.0,
    "V_mag_pu": 1.11045455824684,
    "V_ang_deg": 142.031436962774,
    "P_inj_MW": -50536.9721292715,
    "Q_inj_MVAr": 113679.682985937,
    "Pg_MW": 0.0,
    "Qg_MVAr": 0.0,
    "Pd_MW": 1014.5202,
    "Qd_MVAr": 132.34
  },
  {
    "Bus": 4231.0,
    "Type": 2.0,
    "V_mag_pu": 1.0,
    "V_ang_deg": -79.7717575322791,
    "P_inj_MW": -3383.49919476134,
    "Q_inj_MVAr": 334440.265777071,
    "Pg_MW": 3217.5,
    "Qg_MVAr": 0.0,
    "Pd_MW": 0.0,
    "Qd_MVAr": 0.0
  },
  {
    "Bus": 4232.0,
    "Type": 2.0,
    "V_mag_pu": 1.0,
    "V_ang_deg": 23.8488845616378,
    "P_inj_MW": -20850.2686806436,
    "Q_inj_MVAr": -563216.321830675,
    "Pg_MW": 986.0,
    "Qg_MVAr": 0.0,
    "Pd_MW": 0.0,
    "Qd_MVAr": 0.0
  },
  {
    "Bus": 5001.0,
    "Type": 1.0,
    "V_mag_pu": 0.0496659498779322,
    "V_ang_deg": 154.92584380022,
    "P_inj_MW": 916.62474818933,
    "Q_inj_MVAr": -9480.43237986793,
    "Pg_MW": 0.0,
    "Qg_MVAr": 0.0,
    "Pd_MW": 7574.0522,
    "Qd_MVAr": 1721.375
  },
  {
    "Bus": 5002.0,
    "Type": 1.0,
    "V_mag_pu": 0.0634015899232682,
    "V_ang_deg": 170.468815290189,
    "P_inj_MW": 10695.5999653946,
    "Q_inj_MVAr": 8314.91721576694,
    "Pg_MW": 0.0,
    "Qg_MVAr": 0.0,
    "Pd_MW": 9003.9839,
    "Qd_MVAr": 1174.359
  },
  {
    "Bus": 5003.0,
    "Type": 1.0,
    "V_mag_pu": 0.967632715659865,
    "V_ang_deg": -6.89143308694464,
    "P_inj_MW": -846.819659003078,
    "Q_inj_MVAr": 13823.8489427058,
    "Pg_MW": 0.0,
    "Qg_MVAr": 0.0,
    "Pd_MW": 615.2178,
    "Qd_MVAr": 80.253
  },
  {
    "Bus": 5004.0,
    "Type": 1.0,
    "V_mag_pu": 0.308524808728311,
    "V_ang_deg": 47.0748083350664,
    "P_inj_MW": -582.414736194123,
    "Q_inj_MVAr": 530.178011945677,
    "Pg_MW": 0.0,
    "Qg_MVAr": 0.0,
    "Pd_MW": 0.0,
    "Qd_MVAr": 0.0
  },
  {
    "Bus": 5031.0,
    "Type": 2.0,
    "V_mag_pu": 1.0,
    "V_ang_deg": 150.281368159422,
    "P_inj_MW": -804.316676277347,
    "Q_inj_MVAr": 190099.427401642,
    "Pg_MW": 5004.4,
    "Qg_MVAr": 0.0,
    "Pd_MW": 0.0,
    "Qd_MVAr": 0.0
  },
  {
    "Bus": 5032.0,
    "Type": 2.0,
    "V_mag_pu": 1.0,
    "V_ang_deg": 47.7307617084893,
    "P_inj_MW": -10666.0721731384,
    "Q_inj_MVAr": 206857.504545338,
    "Pg_MW": 7706.6,
    "Qg_MVAr": 0.0,
    "Pd_MW": 0.0,
    "Qd_MVAr": 0.0
  },
  {
    "Bus": 6101.0,
    "Type": 1.0,
    "V_mag_pu": 33.5198386173839,
    "V_ang_deg": -6.72477970172598,
    "P_inj_MW": -455674.623495665,
    "Q_inj_MVAr": 18256151.8764483,
    "Pg_MW": 0.0,
    "Qg_MVAr": 0.0,
    "Pd_MW": 0.0,
    "Qd_MVAr": 0.0
  },
  {
    "Bus": 6102.0,
    "Type": 1.0,
    "V_mag_pu": 1.45761819133169,
    "V_ang_deg": 100.228360118656,
    "P_inj_MW": 701983.051593473,
    "Q_inj_MVAr": 899237.380902937,
    "Pg_MW": 0.0,
    "Qg_MVAr": 0.0,
    "Pd_MW": 1053.1441,
    "Qd_MVAr": -345.277
  },
  {
    "Bus": 6103.0,
    "Type": 1.0,
    "V_mag_pu": 4.55085910914921,
    "V_ang_deg": -133.463465212605,
    "P_inj_MW": 511077.947835493,
    "Q_inj_MVAr": 1991080.27710471,
    "Pg_MW": 0.0,
    "Qg_MVAr": 0.0,
    "Pd_MW": 391.888,
    "Qd_MVAr": 51.111
  },
  {
    "Bus": 6104.0,
    "Type": 1.0,
    "V_mag_pu": 4.91318628862606,
    "V_ang_deg": 110.526349970856,
    "P_inj_MW": -71676.8774008107,
    "Q_inj_MVAr": 217049.084453195,
    "Pg_MW": 0.0,
    "Qg_MVAr": 0.0,
    "Pd_MW": 1694.958,
    "Qd_MVAr": 221.085
  },
  {
    "Bus": 6132.0,
    "Type": 2.0,
    "V_mag_pu": 1.0,
    "V_ang_deg": -77.1032239764611,
    "P_inj_MW": -13572.1188459525,
    "Q_inj_MVAr": 491207.536403291,
    "Pg_MW": 1361.5,
    "Qg_MVAr": 0.0,
    "Pd_MW": 0.0,
    "Qd_MVAr": 0.0
  },
  {
    "Bus": 6201.0,
    "Type": 1.0,
    "V_mag_pu": 1.66202322892777,
    "V_ang_deg": 21.957508027761,
    "P_inj_MW": -15097.1394069735,
    "Q_inj_MVAr": 244665.333349267,
    "Pg_MW": 0.0,
    "Qg_MVAr": 0.0,
    "Pd_MW": 205.82,
    "Qd_MVAr": 26.857
  },
  {
    "Bus": 6202.0,
    "Type": 1.0,
    "V_mag_pu": 1.01192311925379,
    "V_ang_deg": 50.7100881833133,
    "P_inj_MW": 14653.1583825899,
    "Q_inj_MVAr": -16508.5026086185,
    "Pg_MW": 0.0,
    "Qg_MVAr": 0.0,
    "Pd_MW": 88.7215,
    "Qd_MVAr": 13.528
  },
  {
    "Bus": 6203.0,
    "Type": 1.0,
    "V_mag_pu": 0.0257825353887136,
    "V_ang_deg": 97.819889039763,
    "P_inj_MW": 389.640789055748,
    "Q_inj_MVAr": 98.8522718305215,
    "Pg_MW": 0.0,
    "Qg_MVAr": 0.0,
    "Pd_MW": 1112.3464,
    "Qd_MVAr": 145.093
  },
  {
    "Bus": 6204.0,
    "Type": 1.0,
    "V_mag_pu": 7.34012735203396,
    "V_ang_deg": 48.3556241095808,
    "P_inj_MW": -6959.00284344357,
    "Q_inj_MVAr": 487668.488736322,
    "Pg_MW": 0.0,
    "Qg_MVAr": 0.0,
    "Pd_MW": 1199.2957,
    "Qd_MVAr": 156.461
  },
  {
    "Bus": 6205.0,
    "Type": 1.0,
    "V_mag_pu": 0.595365004998599,
    "V_ang_deg": -0.548061992100227,
    "P_inj_MW": 9969.80345236676,
    "Q_inj_MVAr": 178250.51280541,
    "Pg_MW": 0.0,
    "Qg_MVAr": 0.0,
    "Pd_MW": 489.2825,
    "Qd_MVAr": 86.344
  },
  {
    "Bus": 6231.0,
    "Type": 2.0,
    "V_mag_pu": 1.0,
    "V_ang_deg": 23.7853552783467,
    "P_inj_MW": 10602.5586571429,
    "Q_inj_MVAr": -132235.510278088,
    "Pg_MW": 1325.5,
    "Qg_MVAr": 0.0,
    "Pd_MW": 0.0,
    "Qd_MVAr": 0.0
  },
  {
    "Bus": 6235.0,
    "Type": 2.0,
    "V_mag_pu": 1.0,
    "V_ang_deg": -169.199700794051,
    "P_inj_MW": -23430.4437938973,
    "Q_inj_MVAr": 316744.99505632,
    "Pg_MW": 505.0,
    "Qg_MVAr": 0.0,
    "Pd_MW": 0.0,
    "Qd_MVAr": 0.0
  },
  {
    "Bus": 6301.0,
    "Type": 1.0,
    "V_mag_pu": 4.25604552154226,
    "V_ang_deg": 72.2122363113582,
    "P_inj_MW": -401545.457482981,
    "Q_inj_MVAr": 1947194.73563748,
    "Pg_MW": 0.0,
    "Qg_MVAr": 0.0,
    "Pd_MW": 516.3779,
    "Qd_MVAr": 67.362
  },
  {
    "Bus": 6302.0,
    "Type": 1.0,
    "V_mag_pu": 0.209799540672572,
    "V_ang_deg": -168.644436385192,
    "P_inj_MW": 3117.6316933314,
    "Q_inj_MVAr": 5629.20933202636,
    "Pg_MW": 0.0,
    "Qg_MVAr": 0.0,
    "Pd_MW": 591.8185,
    "Qd_MVAr": 77.219
  },
  {
    "Bus": 6303.0,
    "Type": 1.0,
    "V_mag_pu": 1.5313514973704,
    "V_ang_deg": -64.7299604850027,
    "P_inj_MW": -53350.674396957,
    "Q_inj_MVAr": 209138.753033927,
    "Pg_MW": 0.0,
    "Qg_MVAr": 0.0,
    "Pd_MW": 746.6019,
    "Qd_MVAr": 97.404
  },
  {
    "Bus": 6304.0,
    "Type": 1.0,
    "V_mag_pu": 4.97284679399545,
    "V_ang_deg": -34.1546310163246,
    "P_inj_MW": 15232.4430037975,
    "Q_inj_MVAr": 183306.06714303,
    "Pg_MW": 0.0,
    "Qg_MVAr": 0.0,
    "Pd_MW": 0.0,
    "Qd_MVAr": 0.0
  },
  {
    "Bus": 6305.0,
    "Type": 1.0,
    "V_mag_pu": 0.00755469502316727,
    "V_ang_deg": 178.982487717311,
    "P_inj_MW": -1075.06058462278,
    "Q_inj_MVAr": 1102.94648393172,
    "Pg_MW": 0.0,
    "Qg_MVAr": 0.0,
    "Pd_MW": 60.2324,
    "Qd_MVAr": 19.752
  },
  {
    "Bus": 6333.0,
    "Type": 2.0,
    "V_mag_pu": 1.0,
    "V_ang_deg": -59.8491809454072,
    "P_inj_MW": 26058.2991172508,
    "Q_inj_MVAr": -105159.730939485,
    "Pg_MW": 1795.0,
    "Qg_MVAr": 0.0,
    "Pd_MW": 0.0,
    "Qd_MVAr": 0.0
  },
  {
    "Bus": 6335.0,
    "Type": 2.0,
    "V_mag_pu": 1.0,
    "V_ang_deg": -47.4174147612797,
    "P_inj_MW": 1094.17773799153,
    "Q_inj_MVAr": 201041.974929356,
    "Pg_MW": 1703.0,
    "Qg_MVAr": 0.0,
    "Pd_MW": 0.0,
    "Qd_MVAr": 0.0
  },
  {
    "Bus": 6401.0,
    "Type": 1.0,
    "V_mag_pu": 4.65937521009723,
    "V_ang_deg": -170.416849642908,
    "P_inj_MW": 85623.267125553,
    "Q_inj_MVAr": 191183.797756546,
    "Pg_MW": 0.0,
    "Qg_MVAr": 0.0,
    "Pd_MW": 1672.3727,
    "Qd_MVAr": 218.148
  },
  {
    "Bus": 6402.0,
    "Type": 1.0,
    "V_mag_pu": 0.0433666714836027,
    "V_ang_deg": 57.7227175727347,
    "P_inj_MW": -978.017498043998,
    "Q_inj_MVAr": 956.088800527296,
    "Pg_MW": 0.0,
    "Qg_MVAr": 0.0,
    "Pd_MW": 272.5124,
    "Qd_MVAr": 35.566
  },
  {
    "Bus": 6403.0,
    "Type": 1.0,
    "V_mag_pu": 1.41765641205496,
    "V_ang_deg": 155.659667161265,
    "P_inj_MW": -19746.3079029149,
    "Q_inj_MVAr": 98327.7819335599,
    "Pg_MW": 0.0,
    "Qg_MVAr": 0.0,
    "Pd_MW": 2.1985,
    "Qd_MVAr": 0.272
  },
  {
    "Bus": 6404.0,
    "Type": 1.0,
    "V_mag_pu": 8.46912919166853,
    "V_ang_deg": -173.637920921645,
    "P_inj_MW": 20759.7670462775,
    "Q_inj_MVAr": 265494.853298581,
    "Pg_MW": 0.0,
    "Qg_MVAr": 0.0,
    "Pd_MW": 28.98,
    "Qd_MVAr": 3.775
  },
  {
    "Bus": 6433.0,
    "Type": 2.0,
    "V_mag_pu": 1.0,
    "V_ang_deg": 155.740759385827,
    "P_inj_MW": 401.289151537026,
    "Q_inj_MVAr": -83530.9984333965,
    "Pg_MW": 914.0,
    "Qg_MVAr": 0.0,
    "Pd_MW": 0.0,
    "Qd_MVAr": 0.0
  },
  {
    "Bus": 6501.0,
    "Type": 1.0,
    "V_mag_pu": 0.263697040471857,
    "V_ang_deg": 12.4370421162999,
    "P_inj_MW": 11897.4758851484,
    "Q_inj_MVAr": 2668.00433790458,
    "Pg_MW": 0.0,
    "Qg_MVAr": 0.0,
    "Pd_MW": 195.5463,
    "Qd_MVAr": 64.128
  },
  {
    "Bus": 6502.0,
    "Type": 1.0,
    "V_mag_pu": 0.0384315758935097,
    "V_ang_deg": 175.966829602009,
    "P_inj_MW": -841.548096165602,
    "Q_inj_MVAr": 0.294442737623046,
    "Pg_MW": 0.0,
    "Qg_MVAr": 0.0,
    "Pd_MW": 1555.5773,
    "Qd_MVAr": 277.672
  },
  {
    "Bus": 6503.0,
    "Type": 1.0,
    "V_mag_pu": 0.060390583583731,
    "V_ang_deg": 120.883933935082,
    "P_inj_MW": 7791.02915531134,
    "Q_inj_MVAr": -7782.70526076722,
    "Pg_MW": 0.0,
    "Qg_MVAr": 0.0,
    "Pd_MW": 441.1533,
    "Qd_MVAr": 144.603
  },
  {
    "Bus": 6504.0,
    "Type": 1.0,
    "V_mag_pu": 0.269632743442108,
    "V_ang_deg": -155.233125892393,
    "P_inj_MW": 6434.977016535,
    "Q_inj_MVAr": 10678.5045605368,
    "Pg_MW": 0.0,
    "Qg_MVAr": 0.0,
    "Pd_MW": 296.9666,
    "Qd_MVAr": 38.73
  },
  {
    "Bus": 6505.0,
    "Type": 1.0,
    "V_mag_pu": 0.432195131815496,
    "V_ang_deg": 4.53292495538427,
    "P_inj_MW": -528.523537868733,
    "Q_inj_MVAr": 3118.18114090494,
    "Pg_MW": 0.0,
    "Qg_MVAr": 0.0,
    "Pd_MW": 6.7947,
    "Qd_MVAr": 2.231
  },
  {
    "Bus": 6506.0,
    "Type": 1.0,
    "V_mag_pu": 0.910214748228708,
    "V_ang_deg": 169.401322779547,
    "P_inj_MW": -776.500821177707,
    "Q_inj_MVAr": 4380.34233578385,
    "Pg_MW": 0.0,
    "Qg_MVAr": 0.0,
    "Pd_MW": 0.0,
    "Qd_MVAr": 0.0
  },
  {
    "Bus": 6507.0,
    "Type": 1.0,
    "V_mag_pu": 1.70284276089747,
    "V_ang_deg": -77.3397875528083,
    "P_inj_MW": 20851.9725030873,
    "Q_inj_MVAr": 36124.493641894,
    "Pg_MW": 0.0,
    "Qg_MVAr": 0.0,
    "Pd_MW": 540.775,
    "Qd_MVAr": -61.354
  },
  {
    "Bus": 6508.0,
    "Type": 1.0,
    "V_mag_pu": 0.298376373587128,
    "V_ang_deg": -13.3546193883994,
    "P_inj_MW": 40.8765581227092,
    "Q_inj_MVAr": 835.668716751871,
    "Pg_MW": 0.0,
    "Qg_MVAr": 0.0,
    "Pd_MW": 131.8343,
    "Qd_MVAr": 43.208
  },
  {
    "Bus": 6509.0,
    "Type": 1.0,
    "V_mag_pu": 0.0124562112115604,
    "V_ang_deg": 166.315258055749,
    "P_inj_MW": 176.420131232096,
    "Q_inj_MVAr": 91.8361498979326,
    "Pg_MW": 0.0,
    "Qg_MVAr": 0.0,
    "Pd_MW": 8.5932,
    "Qd_MVAr": 2.817
  },
  {
    "Bus": 6510.0,
    "Type": 1.0,
    "V_mag_pu": 3.50732418078711,
    "V_ang_deg": -1.75719622309718,
    "P_inj_MW": 2407.67772379636,
    "Q_inj_MVAr": 150853.853948279,
    "Pg_MW": 0.0,
    "Qg_MVAr": 0.0,
    "Pd_MW": 1946.0167,
    "Qd_MVAr": -103.877
  },
  {
    "Bus": 6533.0,
    "Type": 2.0,
    "V_mag_pu": 1.0,
    "V_ang_deg": 80.0348348415107,
    "P_inj_MW": -7899.92249547394,
    "Q_inj_MVAr": 190863.691774636,
    "Pg_MW": 2872.0,
    "Qg_MVAr": 0.0,
    "Pd_MW": 0.0,
    "Qd_MVAr": 0.0
  },
  {
    "Bus": 7001.0,
    "Type": 1.0,
    "V_mag_pu": 1.57092714815418,
    "V_ang_deg": 98.773082301449,
    "P_inj_MW": -66458.0443825981,
    "Q_inj_MVAr": 222287.504244371,
    "Pg_MW": 0.0,
    "Qg_MVAr": 0.0,
    "Pd_MW": 7453.9144,
    "Qd_MVAr": 972.35
  },
  {
    "Bus": 7002.0,
    "Type": 1.0,
    "V_mag_pu": 2.2083558562688,
    "V_ang_deg": 127.687976229315,
    "P_inj_MW": 61448.1543735338,
    "Q_inj_MVAr": 580478.719791956,
    "Pg_MW": 0.0,
    "Qg_MVAr": 0.0,
    "Pd_MW": 2554.8345,
    "Qd_MVAr": -138.069
  },
  {
    "Bus": 7031.0,
    "Type": 2.0,
    "V_mag_pu": 1.0,
    "V_ang_deg": 102.940672912283,
    "P_inj_MW": 22833.1288661148,
    "Q_inj_MVAr": -113354.643205581,
    "Pg_MW": 3809.05,
    "Qg_MVAr": 0.0,
    "Pd_MW": 0.0,
    "Qd_MVAr": 0.0
  },
  {
    "Bus": 7032.0,
    "Type": 2.0,
    "V_mag_pu": 1.0,
    "V_ang_deg": 124.456591372379,
    "P_inj_MW": -24896.3023637197,
    "Q_inj_MVAr": -240968.930476154,
    "Pg_MW": 1660.5,
    "Qg_MVAr": 0.0,
    "Pd_MW": 0.0,
    "Qd_MVAr": 0.0
  },
  {
    "Bus": 8001.0,
    "Type": 1.0,
    "V_mag_pu": 52.2340347811267,
    "V_ang_deg": 55.1006135079819,
    "P_inj_MW": 13041645.5965075,
    "Q_inj_MVAr": 80395104.7604783,
    "Pg_MW": 0.0,
    "Qg_MVAr": 0.0,
    "Pd_MW": 0.0,
    "Qd_MVAr": 0.0
  },
  {
    "Bus": 8002.0,
    "Type": 1.0,
    "V_mag_pu": 44.9964508150353,
    "V_ang_deg": -111.695411489235,
    "P_inj_MW": 2396209.82740231,
    "Q_inj_MVAr": 37278109.9545404,
    "Pg_MW": 0.0,
    "Qg_MVAr": 0.0,
    "Pd_MW": 0.0,
    "Qd_MVAr": 0.0
  },
  {
    "Bus": 8003.0,
    "Type": 1.0,
    "V_mag_pu": 0.0259535261185444,
    "V_ang_deg": 74.6837095203045,
    "P_inj_MW": 2298.13986655438,
    "Q_inj_MVAr": -12343.8820904949,
    "Pg_MW": 0.0,
    "Qg_MVAr": 0.0,
    "Pd_MW": 652.6717,
    "Qd_MVAr": 85.141
  },
  {
    "Bus": 8004.0,
    "Type": 1.0,
    "V_mag_pu": 0.192435763268321,
    "V_ang_deg": 69.45607281866,
    "P_inj_MW": 37918.6511744611,
    "Q_inj_MVAr": 15010.1312238114,
    "Pg_MW": 0.0,
    "Qg_MVAr": 0.0,
    "Pd_MW": 3787.8915,
    "Qd_MVAr": 494.11
  },
  {
    "Bus": 8005.0,
    "Type": 1.0,
    "V_mag_pu": 0.40391033695297,
    "V_ang_deg": 38.3475929752554,
    "P_inj_MW": 54096.5232046524,
    "Q_inj_MVAr": 90302.7758407256,
    "Pg_MW": 0.0,
    "Qg_MVAr": 0.0,
    "Pd_MW": 1321.2379,
    "Qd_MVAr": 172.37
  },
  {
    "Bus": 8033.0,
    "Type": 2.0,
    "V_mag_pu": 1.0,
    "V_ang_deg": 77.3160328127063,
    "P_inj_MW": 238.391172648477,
    "Q_inj_MVAr": 194814.77190779,
    "Pg_MW": 786.0,
    "Qg_MVAr": 0.0,
    "Pd_MW": 0.0,
    "Qd_MVAr": 0.0
  },
  {
    "Bus": 8034.0,
    "Type": 2.0,
    "V_mag_pu": 1.0,
    "V_ang_deg": -31.9193121418943,
    "P_inj_MW": -37731.1110428883,
    "Q_inj_MVAr": 207591.059139255,
    "Pg_MW": 1624.0,
    "Qg_MVAr": 0.0,
    "Pd_MW": 0.0,
    "Qd_MVAr": 0.0
  }
]