{
  "version": "2",
  "baseMVA": 100.0,
  "buses": [
    {
      "bus_i": 101,
      "type": 2,
      "Pd": 108.0,
      "Qd": 22.0,
      "Gs": 0.0,
      "Bs": 0.0,
      "area": 1,
      "Vm": 1.0,
      "Va": 0.0,
      "baseKV": 138.0,
      "zone": 1,
      "Vmax": 1.05,
      "Vmin": 0.95
    },
    {
      "bus_i": 102,
      "type": 2,
      "Pd": 97.0,
      "Qd": 20.0,
      "Gs": 0.0,
      "Bs": 0.0,
      "area": 1,
      "Vm": 1.0,
      "Va": 0.0,
      "baseKV": 138.0,
      "zone": 1,
      "Vmax": 1.05,
      "Vmin": 0.95
    },
    {
      "bus_i": 103,
      "type": 1,
      "Pd": 180.0,
      "Qd": 37.0,
      "Gs": 0.0,
      "Bs": 0.0,
      "area": 1,
      "Vm": 1.0,
      "Va": 0.0,
      "baseKV": 138.0,
      "zone": 1,
      "Vmax": 1.05,
      "Vmin": 0.95
    },
    {
      "bus_i": 104,
      "type": 1,
      "Pd": 74.0,
      "Qd": 15.0,
      "Gs": 0.0,
      "Bs": 0.0,
      "area": 1,
      "Vm": 1.0,
      "Va": 0.0,
      "baseKV": 138.0,
      "zone": 1,
      "Vmax": 1.05,
      "Vmin": 0.95
    },
    {
      "bus_i": 105,
      "type": 1,
      "Pd": 71.0,
      "Qd": 14.0,
      "Gs": 0.0,
      "Bs": 0.0,
      "area": 1,
      "Vm": 1.0,
      "Va": 0.0,
      "baseKV": 138.0,
      "zone": 1,
      "Vmax": 1.05,
      "Vmin": 0.95
    },
    {
      "bus_i": 106,
      "type": 1,
      "Pd": 136.0,
      "Qd": 28.0,
      "Gs": 0.0,
      "Bs": -100.0,
      "area": 1,
      "Vm": 1.0,
      "Va": 0.0,
      "baseKV": 138.0,
      "zone": 1,
      "Vmax": 1.05,
      "Vmin": 0.95
    },
    {
      "bus_i": 107,
      "type": 2,
      "Pd": 125.0,
      "Qd": 25.0,
      "Gs": 0.0,
      "Bs": 0.0,
      "area": 1,
      "Vm": 1.0,
      "Va": 0.0,
      "baseKV": 138.0,
      "zone": 1,
      "Vmax": 1.05,
      "Vmin": 0.95
    },
    {
      "bus_i": 108,
      "type": 1,
      "Pd": 171.0,
      "Qd": 35.0,
      "Gs": 0.0,
      "Bs": 0.0,
      "area": 1,
      "Vm": 1.0,
      "Va": 0.0,
      "baseKV": 138.0,
      "zone": 1,
      "Vmax": 1.05,
      "Vmin": 0.95
    },
    {
      "bus_i": 109,
      "type": 1,
      "Pd": 175.0,
      "Qd": 36.0,
      "Gs": 0.0,
      "Bs": 0.0,
      "area": 1,
      "Vm": 1.0,
      "Va": 0.0,
      "baseKV": 138.0,
      "zone": 1,
      "Vmax": 1.05,
      "Vmin": 0.95
    },
    {
      "bus_i": 110,
      "type": 1,
      "Pd": 195.0,
      "Qd": 40.0,
      "Gs": 0.0,
      "Bs": 0.0,
      "area": 1,
      "Vm": 1.0,
      "Va": 0.0,
      "baseKV": 138.0,
      "zone": 1,
      "Vmax": 1.05,
      "Vmin": 0.95
    },
    {
      "bus_i": 111,
      "type": 1,
      "Pd": 0.0,
      "Qd": 0.0,
      "Gs": 0.0,
      "Bs": 0.0,
      "area": 1,
      "Vm": 1.0,
      "Va": 0.0,
      "baseKV": 230.0,
      "zone": 1,
      "Vmax": 1.05,
      "Vmin": 0.95
    },
    {
      "bus_i": 112,
      "type": 1,
      "Pd": 0.0,
      "Qd": 0.0,
      "Gs": 0.0,
      "Bs": 0.0,
      "area": 1,
      "Vm": 1.0,
      "Va": 0.0,
      "baseKV": 230.0,
      "zone": 1,
      "Vmax": 1.05,
      "Vmin": 0.95
    },
    {
      "bus_i": 113,
      "type": 3,
      "Pd": 265.0,
      "Qd": 54.0,
      "Gs": 0.0,
      "Bs": 0.0,
      "area": 1,
      "Vm": 1.0,
      "Va": 0.0,
      "baseKV": 230.0,
      "zone": 1,
      "Vmax": 1.05,
      "Vmin": 0.95
    },
    {
      "bus_i": 114,
      "type": 2,
      "Pd": 194.0,
      "Qd": 39.0,
      "Gs": 0.0,
      "Bs": 0.0,
      "area": 1,
      "Vm": 1.0,
      "Va": 0.0,
      "baseKV": 230.0,
      "zone": 1,
      "Vmax": 1.05,
      "Vmin": 0.95
    },
    {
      "bus_i": 115,
      "type": 2,
      "Pd": 317.0,
      "Qd": 64.0,
      "Gs": 0.0,
      "Bs": 0.0,
      "area": 1,
      "Vm": 1.0,
      "Va": 0.0,
      "baseKV": 230.0,
      "zone": 1,
      "Vmax": 1.05,
      "Vmin": 0.95
    },
    {
      "bus_i": 116,
      "type": 2,
      "Pd": 100.0,
      "Qd": 20.0,
      "Gs": 0.0,
      "Bs": 0.0,
      "area": 1,
      "Vm": 1.0,
      "Va": 0.0,
      "baseKV": 230.0,
      "zone": 1,
      "Vmax": 1.05,
      "Vmin": 0.95
    },
    {
      "bus_i": 117,
      "type": 1,
      "Pd": 0.0,
      "Qd": 0.0,
      "Gs": 0.0,
      "Bs": 0.0,
      "area": 1,
      "Vm": 1.0,
      "Va": 0.0,
      "baseKV": 230.0,
      "zone": 1,
      "Vmax": 1.05,
      "Vmin": 0.95
    },
    {
      "bus_i": 118,
      "type": 2,
      "Pd": 333.0,
      "Qd": 68.0,
      "Gs": 0.0,
      "Bs": 0.0,
      "area": 1,
      "Vm": 1.0,
      "Va": 0.0,
      "baseKV": 230.0,
      "zone": 1,
      "Vmax": 1.05,
      "Vmin": 0.95
    },
    {
      "bus_i": 119,
      "type": 1,
      "Pd": 181.0,
      "Qd": 37.0,
      "Gs": 0.0,
      "Bs": 0.0,
      "area": 1,
      "Vm": 1.0,
      "Va": 0.0,
      "baseKV": 230.0,
      "zone": 1,
      "Vmax": 1.05,
      "Vmin": 0.95
    },
    {
      "bus_i": 120,
      "type": 1,
      "Pd": 128.0,
      "Qd": 26.0,
      "Gs": 0.0,
      "Bs": 0.0,
      "area": 1,
      "Vm": 1.0,
      "Va": 0.0,
      "baseKV": 230.0,
      "zone": 1,
      "Vmax": 1.05,
      "Vmin": 0.95
    },
    {
      "bus_i": 121,
      "type": 2,
      "Pd": 0.0,
      "Qd": 0.0,
      "Gs": 0.0,
      "Bs": 0.0,
      "area": 1,
      "Vm": 1.0,
      "Va": 0.0,
      "baseKV": 230.0,
      "zone": 1,
      "Vmax": 1.05,
      "Vmin": 0.95
    },
    {
      "bus_i": 122,
      "type": 2,
      "Pd": 0.0,
      "Qd": 0.0,
      "Gs": 0.0,
      "Bs": 0.0,
      "area": 1,
      "Vm": 1.0,
      "Va": 0.0,
      "baseKV": 230.0,
      "zone": 1,
      "Vmax": 1.05,
      "Vmin": 0.95
    },
    {
      "bus_i": 123,
      "type": 2,
      "Pd": 0.0,
      "Qd": 0.0,
      "Gs": 0.0,
      "Bs": 0.0,
      "area": 1,
      "Vm": 1.0,
      "Va": 0.0,
      "baseKV": 230.0,
      "zone": 1,
      "Vmax": 1.05,
      "Vmin": 0.95
    },
    {
      "bus_i": 124,
      "type": 1,
      "Pd": 0.0,
      "Qd": 0.0,
      "Gs": 0.0,
      "Bs": 0.0,
      "area": 1,
      "Vm": 1.0,
      "Va": 0.0,
      "baseKV": 230.0,
      "zone": 1,
      "Vmax": 1.05,
      "Vmin": 0.95
    },
    {
      "bus_i": 201,
      "type": 2,
      "Pd": 108.0,
      "Qd": 22.0,
      "Gs": 0.0,
      "Bs": 0.0,
      "area": 2,
      "Vm": 1.0,
      "Va": 0.0,
      "baseKV": 138.0,
      "zone": 2,
      "Vmax": 1.05,
      "Vmin": 0.95
    },
    {
      "bus_i": 202,
      "type": 2,
      "Pd": 97.0,
      "Qd": 20.0,
      "Gs": 0.0,
      "Bs": 0.0,
      "area": 2,
      "Vm": 1.0,
      "Va": 0.0,
      "baseKV": 138.0,
      "zone": 2,
      "Vmax": 1.05,
      "Vmin": 0.95
    },
    {
      "bus_i": 203,
      "type": 1,
      "Pd": 180.0,
      "Qd": 37.0,
      "Gs": 0.0,
      "Bs": 0.0,
      "area": 2,
      "Vm": 1.0,
      "Va": 0.0,
      "baseKV": 138.0,
      "zone": 2,
      "Vmax": 1.05,
      "Vmin": 0.95
    },
    {
      "bus_i": 204,
      "type": 1,
      "Pd": 74.0,
      "Qd": 15.0,
      "Gs": 0.0,
      "Bs": 0.0,
      "area": 2,
      "Vm": 1.0,
      "Va": 0.0,
      "baseKV": 138.0,
      "zone": 2,
      "Vmax": 1.05,
      "Vmin": 0.95
    },
    {
      "bus_i": 205,
      "type": 1,
      "Pd": 71.0,
      "Qd": 14.0,
      "Gs": 0.0,
      "Bs": 0.0,
      "area": 2,
      "Vm": 1.0,
      "Va": 0.0,
      "baseKV": 138.0,
      "zone": 2,
      "Vmax": 1.05,
      "Vmin": 0.95
    },
    {
      "bus_i": 206,
      "type": 1,
      "Pd": 136.0,
      "Qd": 28.0,
      "Gs": 0.0,
      "Bs": -100.0,
      "area": 2,
      "Vm": 1.0,
      "Va": 0.0,
      "baseKV": 138.0,
      "zone": 2,
      "Vmax": 1.05,
      "Vmin": 0.95
    },
    {
      "bus_i": 207,
      "type": 2,
      "Pd": 125.0,
      "Qd": 25.0,
      "Gs": 0.0,
      "Bs": 0.0,
      "area": 2,
      "Vm": 1.0,
      "Va": 0.0,
      "baseKV": 138.0,
      "zone": 2,
      "Vmax": 1.05,
      "Vmin": 0.95
    },
    {
      "bus_i": 208,
      "type": 1,
      "Pd": 171.0,
      "Qd": 35.0,
      "Gs": 0.0,
      "Bs": 0.0,
      "area": 2,
      "Vm": 1.0,
      "Va": 0.0,
      "baseKV": 138.0,
      "zone": 2,
      "Vmax": 1.05,
      "Vmin": 0.95
    },
    {
      "bus_i": 209,
      "type": 1,
      "Pd": 175.0,
      "Qd": 36.0,
      "Gs": 0.0,
      "Bs": 0.0,
      "area": 2,
      "Vm": 1.0,
      "Va": 0.0,
      "baseKV": 138.0,
      "zone": 2,
      "Vmax": 1.05,
      "Vmin": 0.95
    },
    {
      "bus_i": 210,
      "type": 1,
      "Pd": 195.0,
      "Qd": 40.0,
      "Gs": 0.0,
      "Bs": 0.0,
      "area": 2,
      "Vm": 1.0,
      "Va": 0.0,
      "baseKV": 138.0,
      "zone": 2,
      "Vmax": 1.05,
      "Vmin": 0.95
    },
    {
      "bus_i": 211,
      "type": 1,
      "Pd": 0.0,
      "Qd": 0.0,
      "Gs": 0.0,
      "Bs": 0.0,
      "area": 2,
      "Vm": 1.0,
      "Va": 0.0,
      "baseKV": 230.0,
      "zone": 2,
      "Vmax": 1.05,
      "Vmin": 0.95
    },
    {
      "bus_i": 212,
      "type": 1,
      "Pd": 0.0,
      "Qd": 0.0,
      "Gs": 0.0,
      "Bs": 0.0,
      "area": 2,
      "Vm": 1.0,
      "Va": 0.0,
      "baseKV": 230.0,
      "zone": 2,
      "Vmax": 1.05,
      "Vmin": 0.95
    },
    {
      "bus_i": 213,
      "type": 2,
      "Pd": 265.0,
      "Qd": 54.0,
      "Gs": 0.0,
      "Bs": 0.0,
      "area": 2,
      "Vm": 1.0,
      "Va": 0.0,
      "baseKV": 230.0,
      "zone": 2,
      "Vmax": 1.05,
      "Vmin": 0.95
    },
    {
      "bus_i": 214,
      "type": 2,
      "Pd": 194.0,
      "Qd": 39.0,
      "Gs": 0.0,
      "Bs": 0.0,
      "area": 2,
      "Vm": 1.0,
      "Va": 0.0,
      "baseKV": 230.0,
      "zone": 2,
      "Vmax": 1.05,
      "Vmin": 0.95
    },
    {
      "bus_i": 215,
      "type": 2,
      "Pd": 317.0,
      "Qd": 64.0,
      "Gs": 0.0,
      "Bs": 0.0,
      "area": 2,
      "Vm": 1.0,
      "Va": 0.0,
      "baseKV": 230.0,
      "zone": 2,
      "Vmax": 1.05,
      "Vmin": 0.95
    },
    {
      "bus_i": 216,
      "type": 2,
      "Pd": 100.0,
      "Qd": 20.0,
      "Gs": 0.0,
      "Bs": 0.0,
      "area": 2,
      "Vm": 1.0,
      "Va": 0.0,
      "baseKV": 230.0,
      "zone": 2,
      "Vmax": 1.05,
      "Vmin": 0.95
    },
    {
      "bus_i": 217,
      "type": 1,
      "Pd": 0.0,
      "Qd": 0.0,
      "Gs": 0.0,
      "Bs": 0.0,
      "area": 2,
      "Vm": 1.0,
      "Va": 0.0,
      "baseKV": 230.0,
      "zone": 2,
      "Vmax": 1.05,
      "Vmin": 0.95
    },
    {
      "bus_i": 218,
      "type": 2,
      "Pd": 333.0,
      "Qd": 68.0,
      "Gs": 0.0,
      "Bs": 0.0,
      "area": 2,
      "Vm": 1.0,
      "Va": 0.0,
      "baseKV": 230.0,
      "zone": 2,
      "Vmax": 1.05,
      "Vmin": 0.95
    },
    {
      "bus_i": 219,
      "type": 1,
      "Pd": 181.0,
      "Qd": 37.0,
      "Gs": 0.0,
      "Bs": 0.0,
      "area": 2,
      "Vm": 1.0,
      "Va": 0.0,
      "baseKV": 230.0,
      "zone": 2,
      "Vmax": 1.05,
      "Vmin": 0.95
    },
    {
      "bus_i": 220,
      "type": 1,
      "Pd": 128.0,
      "Qd": 26.0,
      "Gs": 0.0,
      "Bs": 0.0,
      "area": 2,
      "Vm": 1.0,
      "Va": 0.0,
      "baseKV": 230.0,
      "zone": 2,
      "Vmax": 1.05,
      "Vmin": 0.95
    },
    {
      "bus_i": 221,
      "type": 2,
      "Pd": 0.0,
      "Qd": 0.0,
      "Gs": 0.0,
      "Bs": 0.0,
      "area": 2,
      "Vm": 1.0,
      "Va": 0.0,
      "baseKV": 230.0,
      "zone": 2,
      "Vmax": 1.05,
      "Vmin": 0.95
    },
    {
      "bus_i": 222,
      "type": 2,
      "Pd": 0.0,
      "Qd": 0.0,
      "Gs": 0.0,
      "Bs": 0.0,
      "area": 2,
      "Vm": 1.0,
      "Va": 0.0,
      "baseKV": 230.0,
      "zone": 2,
      "Vmax": 1.05,
      "Vmin": 0.95
    },
    {
      "bus_i": 223,
      "type": 2,
      "Pd": 0.0,
      "Qd": 0.0,
      "Gs": 0.0,
      "Bs": 0.0,
      "area": 2,
      "Vm": 1.0,
      "Va": 0.0,
      "baseKV": 230.0,
      "zone": 2,
      "Vmax": 1.05,
      "Vmin": 0.95
    },
    {
      "bus_i": 224,
      "type": 1,
      "Pd": 0.0,
      "Qd": 0.0,
      "Gs": 0.0,
      "Bs": 0.0,
      "area": 2,
      "Vm": 1.0,
      "Va": 0.0,
      "baseKV": 230.0,
      "zone": 2,
      "Vmax": 1.05,
      "Vmin": 0.95
    },
    {
      "bus_i": 301,
      "type": 2,
      "Pd": 108.0,
      "Qd": 22.0,
      "Gs": 0.0,
      "Bs": 0.0,
      "area": 3,
      "Vm": 1.0,
      "Va": 0.0,
      "baseKV": 138.0,
      "zone": 3,
      "Vmax": 1.05,
      "Vmin": 0.95
    },
    {
      "bus_i": 302,
      "type": 2,
      "Pd": 97.0,
      "Qd": 20.0,
      "Gs": 0.0,
      "Bs": 0.0,
      "area": 3,
      "Vm": 1.0,
      "Va": 0.0,
      "baseKV": 138.0,
      "zone": 3,
      "Vmax": 1.05,
      "Vmin": 0.95
    },
    {
      "bus_i": 303,
      "type": 1,
      "Pd": 180.0,
      "Qd": 37.0,
      "Gs": 0.0,
      "Bs": 0.0,
      "area": 3,
      "Vm": 1.0,
      "Va": 0.0,
      "baseKV": 138.0,
      "zone": 3,
      "Vmax": 1.05,
      "Vmin": 0.95
    },
    {
      "bus_i": 304,
      "type": 1,
      "Pd": 74.0,
      "Qd": 15.0,
      "Gs": 0.0,
      "Bs": 0.0,
      "area": 3,
      "Vm": 1.0,
      "Va": 0.0,
      "baseKV": 138.0,
      "zone": 3,
      "Vmax": 1.05,
      "Vmin": 0.95
    },
    {
      "bus_i": 305,
      "type": 1,
      "Pd": 71.0,
      "Qd": 14.0,
      "Gs": 0.0,
      "Bs": 0.0,
      "area": 3,
      "Vm": 1.0,
      "Va": 0.0,
      "baseKV": 138.0,
      "zone": 3,
      "Vmax": 1.05,
      "Vmin": 0.95
    },
    {
      "bus_i": 306,
      "type": 1,
      "Pd": 136.0,
      "Qd": 28.0,
      "Gs": 0.0,
      "Bs": -100.0,
      "area": 3,
      "Vm": 1.0,
      "Va": 0.0,
      "baseKV": 138.0,
      "zone": 3,
      "Vmax": 1.05,
      "Vmin": 0.95
    },
    {
      "bus_i": 307,
      "type": 2,
      "Pd": 125.0,
      "Qd": 25.0,
      "Gs": 0.0,
      "Bs": 0.0,
      "area": 3,
      "Vm": 1.0,
      "Va": 0.0,
      "baseKV": 138.0,
      "zone": 3,
      "Vmax": 1.05,
      "Vmin": 0.95
    },
    {
      "bus_i": 308,
      "type": 1,
      "Pd": 171.0,
      "Qd": 35.0,
      "Gs": 0.0,
      "Bs": 0.0,
      "area": 3,
      "Vm": 1.0,
      "Va": 0.0,
      "baseKV": 138.0,
      "zone": 3,
      "Vmax": 1.05,
      "Vmin": 0.95
    },
    {
      "bus_i": 309,
      "type": 1,
      "Pd": 175.0,
      "Qd": 36.0,
      "Gs": 0.0,
      "Bs": 0.0,
      "area": 3,
      "Vm": 1.0,
      "Va": 0.0,
      "baseKV": 138.0,
      "zone": 3,
      "Vmax": 1.05,
      "Vmin": 0.95
    },
    {
      "bus_i": 310,
      "type": 1,
      "Pd": 195.0,
      "Qd": 40.0,
      "Gs": 0.0,
      "Bs": 0.0,
      "area": 3,
      "Vm": 1.0,
      "Va": 0.0,
      "baseKV": 138.0,
      "zone": 3,
      "Vmax": 1.05,
      "Vmin": 0.95
    },
    {
      "bus_i": 311,
      "type": 1,
      "Pd": 0.0,
      "Qd": 0.0,
      "Gs": 0.0,
      "Bs": 0.0,
      "area": 3,
      "Vm": 1.0,
      "Va": 0.0,
      "baseKV": 230.0,
      "zone": 3,
      "Vmax": 1.05,
      "Vmin": 0.95
    },
    {
      "bus_i": 312,
      "type": 1,
      "Pd": 0.0,
      "Qd": 0.0,
      "Gs": 0.0,
      "Bs": 0.0,
      "area": 3,
      "Vm": 1.0,
      "Va": 0.0,
      "baseKV": 230.0,
      "zone": 3,
      "Vmax": 1.05,
      "Vmin": 0.95
    },
    {
      "bus_i": 313,
      "type": 2,
      "Pd": 265.0,
      "Qd": 54.0,
      "Gs": 0.0,
      "Bs": 0.0,
      "area": 3,
      "Vm": 1.0,
      "Va": 0.0,
      "baseKV": 230.0,
      "zone": 3,
      "Vmax": 1.05,
      "Vmin": 0.95
    },
    {
      "bus_i": 314,
      "type": 2,
      "Pd": 194.0,
      "Qd": 39.0,
      "Gs": 0.0,
      "Bs": 0.0,
      "area": 3,
      "Vm": 1.0,
      "Va": 0.0,
      "baseKV": 230.0,
      "zone": 3,
      "Vmax": 1.05,
      "Vmin": 0.95
    },
    {
      "bus_i": 315,
      "type": 2,
      "Pd": 317.0,
      "Qd": 64.0,
      "Gs": 0.0,
      "Bs": 0.0,
      "area": 3,
      "Vm": 1.0,
      "Va": 0.0,
      "baseKV": 230.0,
      "zone": 3,
      "Vmax": 1.05,
      "Vmin": 0.95
    },
    {
      "bus_i": 316,
      "type": 2,
      "Pd": 100.0,
      "Qd": 20.0,
      "Gs": 0.0,
      "Bs": 0.0,
      "area": 3,
      "Vm": 1.0,
      "Va": 0.0,
      "baseKV": 230.0,
      "zone": 3,
      "Vmax": 1.05,
      "Vmin": 0.95
    },
    {
      "bus_i": 317,
      "type": 1,
      "Pd": 0.0,
      "Qd": 0.0,
      "Gs": 0.0,
      "Bs": 0.0,
      "area": 3,
      "Vm": 1.0,
      "Va": 0.0,
      "baseKV": 230.0,
      "zone": 3,
      "Vmax": 1.05,
      "Vmin": 0.95
    },
    {
      "bus_i": 318,
      "type": 2,
      "Pd": 333.0,
      "Qd": 68.0,
      "Gs": 0.0,
      "Bs": 0.0,
      "area": 3,
      "Vm": 1.0,
      "Va": 0.0,
      "baseKV": 230.0,
      "zone": 3,
      "Vmax": 1.05,
      "Vmin": 0.95
    },
    {
      "bus_i": 319,
      "type": 1,
      "Pd": 181.0,
      "Qd": 37.0,
      "Gs": 0.0,
      "Bs": 0.0,
      "area": 3,
      "Vm": 1.0,
      "Va": 0.0,
      "baseKV": 230.0,
      "zone": 3,
      "Vmax": 1.05,
      "Vmin": 0.95
    },
    {
      "bus_i": 320,
      "type": 1,
      "Pd": 128.0,
      "Qd": 26.0,
      "Gs": 0.0,
      "Bs": 0.0,
      "area": 3,
      "Vm": 1.0,
      "Va": 0.0,
      "baseKV": 230.0,
      "zone": 3,
      "Vmax": 1.05,
      "Vmin": 0.95
    },
    {
      "bus_i": 321,
      "type": 2,
      "Pd": 0.0,
      "Qd": 0.0,
      "Gs": 0.0,
      "Bs": 0.0,
      "area": 3,
      "Vm": 1.0,
      "Va": 0.0,
      "baseKV": 230.0,
      "zone": 3,
      "Vmax": 1.05,
      "Vmin": 0.95
    },
    {
      "bus_i": 322,
      "type": 2,
      "Pd": 0.0,
      "Qd": 0.0,
      "Gs": 0.0,
      "Bs": 0.0,
      "area": 3,
      "Vm": 1.0,
      "Va": 0.0,
      "baseKV": 230.0,
      "zone": 3,
      "Vmax": 1.05,
      "Vmin": 0.95
    },
    {
      "bus_i": 323,
      "type": 2,
      "Pd": 0.0,
      "Qd": 0.0,
      "Gs": 0.0,
      "Bs": 0.0,
      "area": 3,
      "Vm": 1.0,
      "Va": 0.0,
      "baseKV": 230.0,
      "zone": 3,
      "Vmax": 1.05,
      "Vmin": 0.95
    },
    {
      "bus_i": 324,
      "type": 1,
      "Pd": 0.0,
      "Qd": 0.0,
      "Gs": 0.0,
      "Bs": 0.0,
      "area": 3,
      "Vm": 1.0,
      "Va": 0.0,
      "baseKV": 230.0,
      "zone": 3,
      "Vmax": 1.05,
      "Vmin": 0.95
    },
    {
      "bus_i": 325,
      "type": 1,
      "Pd": 0.0,
      "Qd": 0.0,
      "Gs": 0.0,
      "Bs": 0.0,
      "area": 3,
      "Vm": 1.0,
      "Va": 0.0,
      "baseKV": 230.0,
      "zone": 3,
      "Vmax": 1.05,
      "Vmin": 0.95
    }
  ],
  "generators": [
    {
      "bus": 101,
      "Pg": 18.0,
      "Qg": 5.0,
      "Qmax": 10.0,
      "Qmin": 0.0,
      "Vg": 1.0,
      "mBase": 100.0,
      "status": 1,
      "Pmax": 20.0,
      "Pmin": 16.0
    },
    {
      "bus": 101,
      "Pg": 18.0,
      "Qg": 5.0,
      "Qmax": 10.0,
      "Qmin": 0.0,
      "Vg": 1.0,
      "mBase": 100.0,
      "status": 1,
      "Pmax": 20.0,
      "Pmin": 16.0
    },
    {
      "bus": 101,
      "Pg": 45.6,
      "Qg": 2.5,
      "Qmax": 30.0,
      "Qmin": -25.0,
      "Vg": 1.0,
      "mBase": 100.0,
      "status": 1,
      "Pmax": 76.0,
      "Pmin": 15.2
    },
    {
      "bus": 101,
      "Pg": 45.6,
      "Qg": 2.5,
      "Qmax": 30.0,
      "Qmin": -25.0,
      "Vg": 1.0,
      "mBase": 100.0,
      "status": 1,
      "Pmax": 76.0,
      "Pmin": 15.2
    },
    {
      "bus": 102,
      "Pg": 18.0,
      "Qg": 5.0,
      "Qmax": 10.0,
      "Qmin": 0.0,
      "Vg": 1.0,
      "mBase": 100.0,
      "status": 1,
      "Pmax": 20.0,
      "Pmin": 16.0
    },
    {
      "bus": 102,
      "Pg": 18.0,
      "Qg": 5.0,
      "Qmax": 10.0,
      "Qmin": 0.0,
      "Vg": 1.0,
      "mBase": 100.0,
      "status": 1,
      "Pmax": 20.0,
      "Pmin": 16.0
    },
    {
      "bus": 102,
      "Pg": 45.6,
      "Qg": 2.5,
      "Qmax": 30.0,
      "Qmin": -25.0,
      "Vg": 1.0,
      "mBase": 100.0,
      "status": 1,
      "Pmax": 76.0,
      "Pmin": 15.2
    },
    {
      "bus": 102,
      "Pg": 45.6,
      "Qg": 2.5,
      "Qmax": 30.0,
      "Qmin": -25.0,
      "Vg": 1.0,
      "mBase": 100.0,
      "status": 1,
      "Pmax": 76.0,
      "Pmin": 15.2
    },
    {
      "bus": 107,
      "Pg": 62.5,
      "Qg": 30.0,
      "Qmax": 60.0,
      "Qmin": 0.0,
      "Vg": 1.0,
      "mBase": 100.0,
      "status": 1,
      "Pmax": 100.0,
      "Pmin": 25.0
    },
    {
      "bus": 107,
      "Pg": 62.5,
      "Qg": 30.0,
      "Qmax": 60.0,
      "Qmin": 0.0,
      "Vg": 1.0,
      "mBase": 100.0,
      "status": 1,
      "Pmax": 100.0,
      "Pmin": 25.0
    },
    {
      "bus": 107,
      "Pg": 62.5,
      "Qg": 30.0,
      "Qmax": 60.0,
      "Qmin": 0.0,
      "Vg": 1.0,
      "mBase": 100.0,
      "status": 1,
      "Pmax": 100.0,
      "Pmin": 25.0
    },
    {
      "bus": 113,
      "Pg": 133.0,
      "Qg": 40.0,
      "Qmax": 80.0,
      "Qmin": 0.0,
      "Vg": 1.0,
      "mBase": 100.0,
      "status": 1,
      "Pmax": 197.0,
      "Pmin": 69.0
    },
    {
      "bus": 113,
      "Pg": 133.0,
      "Qg": 40.0,
      "Qmax": 80.0,
      "Qmin": 0.0,
      "Vg": 1.0,
      "mBase": 100.0,
      "status": 1,
      "Pmax": 197.0,
      "Pmin": 69.0
    },
    {
      "bus": 113,
      "Pg": 133.0,
      "Qg": 40.0,
      "Qmax": 80.0,
      "Qmin": 0.0,
      "Vg": 1.0,
      "mBase": 100.0,
      "status": 1,
      "Pmax": 197.0,
      "Pmin": 69.0
    },
    {
      "bus": 114,
      "Pg": 0.0,
      "Qg": 75.0,
      "Qmax": 200.0,
      "Qmin": -50.0,
      "Vg": 1.0,
      "mBase": 100.0,
      "status": 1,
      "Pmax": 0.0,
      "Pmin": 0.0
    },
    {
      "bus": 115,
      "Pg": 7.2,
      "Qg": 3.0,
      "Qmax": 6.0,
      "Qmin": 0.0,
      "Vg": 1.0,
      "mBase": 100.0,
      "status": 1,
      "Pmax": 12.0,
      "Pmin": 2.4
    },
    {
      "bus": 115,
      "Pg": 7.2,
      "Qg": 3.0,
      "Qmax": 6.0,
      "Qmin": 0.0,
      "Vg": 1.0,
      "mBase": 100.0,
      "status": 1,
      "Pmax": 12.0,
      "Pmin": 2.4
    },
    {
      "bus": 115,
      "Pg": 7.2,
      "Qg": 3.0,
      "Qmax": 6.0,
      "Qmin": 0.0,
      "Vg": 1.0,
      "mBase": 100.0,
      "status": 1,
      "Pmax": 12.0,
      "Pmin": 2.4
    },
    {
      "bus": 115,
      "Pg": 7.2,
      "Qg": 3.0,
      "Qmax": 6.0,
      "Qmin": 0.0,
      "Vg": 1.0,
      "mBase": 100.0,
      "status": 1,
      "Pmax": 12.0,
      "Pmin": 2.4
    },
    {
      "bus": 115,
      "Pg": 7.2,
      "Qg": 3.0,
      "Qmax": 6.0,
      "Qmin": 0.0,
      "Vg": 1.0,
      "mBase": 100.0,
      "status": 1,
      "Pmax": 12.0,
      "Pmin": 2.4
    },
    {
      "bus": 115,
      "Pg": 104.65,
      "Qg": 15.0,
      "Qmax": 80.0,
      "Qmin": -50.0,
      "Vg": 1.0,
      "mBase": 100.0,
      "status": 1,
      "Pmax": 155.0,
      "Pmin": 54.3
    },
    {
      "bus": 116,
      "Pg": 104.65,
      "Qg": 15.0,
      "Qmax": 80.0,
      "Qmin": -50.0,
      "Vg": 1.0,
      "mBase": 100.0,
      "status": 1,
      "Pmax": 155.0,
      "Pmin": 54.3
    },
    {
      "bus": 118,
      "Pg": 250.0,
      "Qg": 75.0,
      "Qmax": 200.0,
      "Qmin": -50.0,
      "Vg": 1.0,
      "mBase": 100.0,
      "status": 1,
      "Pmax": 400.0,
      "Pmin": 100.0
    },
    {
      "bus": 121,
      "Pg": 250.0,
      "Qg": 75.0,
      "Qmax": 200.0,
      "Qmin": -50.0,
      "Vg": 1.0,
      "mBase": 100.0,
      "status": 1,
      "Pmax": 400.0,
      "Pmin": 100.0
    },
    {
      "bus": 122,
      "Pg": 30.0,
      "Qg": 3.0,
      "Qmax": 16.0,
      "Qmin": -10.0,
      "Vg": 1.0,
      "mBase": 100.0,
      "status": 1,
      "Pmax": 50.0,
      "Pmin": 10.0
    },
    {
      "bus": 122,
      "Pg": 30.0,
      "Qg": 3.0,
      "Qmax": 16.0,
      "Qmin": -10.0,
      "Vg": 1.0,
      "mBase": 100.0,
      "status": 1,
      "Pmax": 50.0,
      "Pmin": 10.0
    },
    {
      "bus": 122,
      "Pg": 30.0,
      "Qg": 3.0,
      "Qmax": 16.0,
      "Qmin": -10.0,
      "Vg": 1.0,
      "mBase": 100.0,
      "status": 1,
      "Pmax": 50.0,
      "Pmin": 10.0
    },
    {
      "bus": 122,
      "Pg": 30.0,
      "Qg": 3.0,
      "Qmax": 16.0,
      "Qmin": -10.0,
      "Vg": 1.0,
      "mBase": 100.0,
      "status": 1,
      "Pmax": 50.0,
      "Pmin": 10.0
    },
    {
      "bus": 122,
      "Pg": 30.0,
      "Qg": 3.0,
      "Qmax": 16.0,
      "Qmin": -10.0,
      "Vg": 1.0,
      "mBase": 100.0,
      "status": 1,
      "Pmax": 50.0,
      "Pmin": 10.0
    },
    {
      "bus": 122,
      "Pg": 30.0,
      "Qg": 3.0,
      "Qmax": 16.0,
      "Qmin": -10.0,
      "Vg": 1.0,
      "mBase": 100.0,
      "status": 1,
      "Pmax": 50.0,
      "Pmin": 10.0
    },
    {
      "bus": 123,
      "Pg": 104.65,
      "Qg": 15.0,
      "Qmax": 80.0,
      "Qmin": -50.0,
      "Vg": 1.0,
      "mBase": 100.0,
      "status": 1,
      "Pmax": 155.0,
      "Pmin": 54.3
    },
    {
      "bus": 123,
      "Pg": 104.65,
      "Qg": 15.0,
      "Qmax": 80.0,
      "Qmin": -50.0,
      "Vg": 1.0,
      "mBase": 100.0,
      "status": 1,
      "Pmax": 155.0,
      "Pmin": 54.3
    },
    {
      "bus": 123,
      "Pg": 245.0,
      "Qg": 62.5,
      "Qmax": 150.0,
      "Qmin": -25.0,
      "Vg": 1.0,
      "mBase": 100.0,
      "status": 1,
      "Pmax": 350.0,
      "Pmin": 140.0
    },
    {
      "bus": 201,
      "Pg": 18.0,
      "Qg": 5.0,
      "Qmax": 10.0,
      "Qmin": 0.0,
      "Vg": 1.0,
      "mBase": 100.0,
      "status": 1,
      "Pmax": 20.0,
      "Pmin": 16.0
    },
    {
      "bus": 201,
      "Pg": 18.0,
      "Qg": 5.0,
      "Qmax": 10.0,
      "Qmin": 0.0,
      "Vg": 1.0,
      "mBase": 100.0,
      "status": 1,
      "Pmax": 20.0,
      "Pmin": 16.0
    },
    {
      "bus": 201,
      "Pg": 45.6,
      "Qg": 2.5,
      "Qmax": 30.0,
      "Qmin": -25.0,
      "Vg": 1.0,
      "mBase": 100.0,
      "status": 1,
      "Pmax": 76.0,
      "Pmin": 15.2
    },
    {
      "bus": 201,
      "Pg": 45.6,
      "Qg": 2.5,
      "Qmax": 30.0,
      "Qmin": -25.0,
      "Vg": 1.0,
      "mBase": 100.0,
      "status": 1,
      "Pmax": 76.0,
      "Pmin": 15.2
    },
    {
      "bus": 202,
      "Pg": 18.0,
      "Qg": 5.0,
      "Qmax": 10.0,
      "Qmin": 0.0,
      "Vg": 1.0,
      "mBase": 100.0,
      "status": 1,
      "Pmax": 20.0,
      "Pmin": 16.0
    },
    {
      "bus": 202,
      "Pg": 18.0,
      "Qg": 5.0,
      "Qmax": 10.0,
      "Qmin": 0.0,
      "Vg": 1.0,
      "mBase": 100.0,
      "status": 1,
      "Pmax": 20.0,
      "Pmin": 16.0
    },
    {
      "bus": 202,
      "Pg": 45.6,
      "Qg": 2.5,
      "Qmax": 30.0,
      "Qmin": -25.0,
      "Vg": 1.0,
      "mBase": 100.0,
      "status": 1,
      "Pmax": 76.0,
      "Pmin": 15.2
    },
    {
      "bus": 202,
      "Pg": 45.6,
      "Qg": 2.5,
      "Qmax": 30.0,
      "Qmin": -25.0,
      "Vg": 1.0,
      "mBase": 100.0,
      "status": 1,
      "Pmax": 76.0,
      "Pmin": 15.2
    },
    {
      "bus": 207,
      "Pg": 62.5,
      "Qg": 30.0,
      "Qmax": 60.0,
      "Qmin": 0.0,
      "Vg": 1.0,
      "mBase": 100.0,
      "status": 1,
      "Pmax": 100.0,
      "Pmin": 25.0
    },
    {
      "bus": 207,
      "Pg": 62.5,
      "Qg": 30.0,
      "Qmax": 60.0,
      "Qmin": 0.0,
      "Vg": 1.0,
      "mBase": 100.0,
      "status": 1,
      "Pmax": 100.0,
      "Pmin": 25.0
    },
    {
      "bus": 207,
      "Pg": 62.5,
      "Qg": 30.0,
      "Qmax": 60.0,
      "Qmin": 0.0,
      "Vg": 1.0,
      "mBase": 100.0,
      "status": 1,
      "Pmax": 100.0,
      "Pmin": 25.0
    },
    {
      "bus": 213,
      "Pg": 133.0,
      "Qg": 40.0,
      "Qmax": 80.0,
      "Qmin": 0.0,
      "Vg": 1.0,
      "mBase": 100.0,
      "status": 1,
      "Pmax": 197.0,
      "Pmin": 69.0
    },
    {
      "bus": 213,
      "Pg": 133.0,
      "Qg": 40.0,
      "Qmax": 80.0,
      "Qmin": 0.0,
      "Vg": 1.0,
      "mBase": 100.0,
      "status": 1,
      "Pmax": 197.0,
      "Pmin": 69.0
    },
    {
      "bus": 213,
      "Pg": 133.0,
      "Qg": 40.0,
      "Qmax": 80.0,
      "Qmin": 0.0,
      "Vg": 1.0,
      "mBase": 100.0,
      "status": 1,
      "Pmax": 197.0,
      "Pmin": 69.0
    },
    {
      "bus": 214,
      "Pg": 0.0,
      "Qg": 75.0,
      "Qmax": 200.0,
      "Qmin": -50.0,
      "Vg": 1.0,
      "mBase": 100.0,
      "status": 1,
      "Pmax": 0.0,
      "Pmin": 0.0
    },
    {
      "bus": 215,
      "Pg": 7.2,
      "Qg": 3.0,
      "Qmax": 6.0,
      "Qmin": 0.0,
      "Vg": 1.0,
      "mBase": 100.0,
      "status": 1,
      "Pmax": 12.0,
      "Pmin": 2.4
    },
    {
      "bus": 215,
      "Pg": 7.2,
      "Qg": 3.0,
      "Qmax": 6.0,
      "Qmin": 0.0,
      "Vg": 1.0,
      "mBase": 100.0,
      "status": 1,
      "Pmax": 12.0,
      "Pmin": 2.4
    },
    {
      "bus": 215,
      "Pg": 7.2,
      "Qg": 3.0,
      "Qmax": 6.0,
      "Qmin": 0.0,
      "Vg": 1.0,
      "mBase": 100.0,
      "status": 1,
      "Pmax": 12.0,
      "Pmin": 2.4
    },
    {
      "bus": 215,
      "Pg": 7.2,
      "Qg": 3.0,
      "Qmax": 6.0,
      "Qmin": 0.0,
      "Vg": 1.0,
      "mBase": 100.0,
      "status": 1,
      "Pmax": 12.0,
      "Pmin": 2.4
    },
    {
      "bus": 215,
      "Pg": 7.2,
      "Qg": 3.0,
      "Qmax": 6.0,
      "Qmin": 0.0,
      "Vg": 1.0,
      "mBase": 100.0,
      "status": 1,
      "Pmax": 12.0,
      "Pmin": 2.4
    },
    {
      "bus": 215,
      "Pg": 104.65,
      "Qg": 15.0,
      "Qmax": 80.0,
      "Qmin": -50.0,
      "Vg": 1.0,
      "mBase": 100.0,
      "status": 1,
      "Pmax": 155.0,
      "Pmin": 54.3
    },
    {
      "bus": 216,
      "Pg": 104.65,
      "Qg": 15.0,
      "Qmax": 80.0,
      "Qmin": -50.0,
      "Vg": 1.0,
      "mBase": 100.0,
      "status": 1,
      "Pmax": 155.0,
      "Pmin": 54.3
    },
    {
      "bus": 218,
      "Pg": 250.0,
      "Qg": 75.0,
      "Qmax": 200.0,
      "Qmin": -50.0,
      "Vg": 1.0,
      "mBase": 100.0,
      "status": 1,
      "Pmax": 400.0,
      "Pmin": 100.0
    },
    {
      "bus": 221,
      "Pg": 250.0,
      "Qg": 75.0,
      "Qmax": 200.0,
      "Qmin": -50.0,
      "Vg": 1.0,
      "mBase": 100.0,
      "status": 1,
      "Pmax": 400.0,
      "Pmin": 100.0
    },
    {
      "bus": 222,
      "Pg": 30.0,
      "Qg": 3.0,
      "Qmax": 16.0,
      "Qmin": -10.0,
      "Vg": 1.0,
      "mBase": 100.0,
      "status": 1,
      "Pmax": 50.0,
      "Pmin": 10.0
    },
    {
      "bus": 222,
      "Pg": 30.0,
      "Qg": 3.0,
      "Qmax": 16.0,
      "Qmin": -10.0,
      "Vg": 1.0,
      "mBase": 100.0,
      "status": 1,
      "Pmax": 50.0,
      "Pmin": 10.0
    },
    {
      "bus": 222,
      "Pg": 30.0,
      "Qg": 3.0,
      "Qmax": 16.0,
      "Qmin": -10.0,
      "Vg": 1.0,
      "mBase": 100.0,
      "status": 1,
      "Pmax": 50.0,
      "Pmin": 10.0
    },
    {
      "bus": 222,
      "Pg": 30.0,
      "Qg": 3.0,
      "Qmax": 16.0,
      "Qmin": -10.0,
      "Vg": 1.0,
      "mBase": 100.0,
      "status": 1,
      "Pmax": 50.0,
      "Pmin": 10.0
    },
    {
      "bus": 222,
      "Pg": 30.0,
      "Qg": 3.0,
      "Qmax": 16.0,
      "Qmin": -10.0,
      "Vg": 1.0,
      "mBase": 100.0,
      "status": 1,
      "Pmax": 50.0,
      "Pmin": 10.0
    },
    {
      "bus": 222,
      "Pg": 30.0,
      "Qg": 3.0,
      "Qmax": 16.0,
      "Qmin": -10.0,
      "Vg": 1.0,
      "mBase": 100.0,
      "status": 1,
      "Pmax": 50.0,
      "Pmin": 10.0
    },
    {
      "bus": 223,
      "Pg": 104.65,
      "Qg": 15.0,
      "Qmax": 80.0,
      "Qmin": -50.0,
      "Vg": 1.0,
      "mBase": 100.0,
      "status": 1,
      "Pmax": 155.0,
      "Pmin": 54.3
    },
    {
      "bus": 223,
      "Pg": 104.65,
      "Qg": 15.0,
      "Qmax": 80.0,
      "Qmin": -50.0,
      "Vg": 1.0,
      "mBase": 100.0,
      "status": 1,
      "Pmax": 155.0,
      "Pmin": 54.3
    },
    {
      "bus": 223,
      "Pg": 245.0,
      "Qg": 62.5,
      "Qmax": 150.0,
      "Qmin": -25.0,
      "Vg": 1.0,
      "mBase": 100.0,
      "status": 1,
      "Pmax": 350.0,
      "Pmin": 140.0
    },
    {
      "bus": 301,
      "Pg": 18.0,
      "Qg": 5.0,
      "Qmax": 10.0,
      "Qmin": 0.0,
      "Vg": 1.0,
      "mBase": 100.0,
      "status": 1,
      "Pmax": 20.0,
      "Pmin": 16.0
    },
    {
      "bus": 301,
      "Pg": 18.0,
      "Qg": 5.0,
      "Qmax": 10.0,
      "Qmin": 0.0,
      "Vg": 1.0,
      "mBase": 100.0,
      "status": 1,
      "Pmax": 20.0,
      "Pmin": 16.0
    },
    {
      "bus": 301,
      "Pg": 45.6,
      "Qg": 2.5,
      "Qmax": 30.0,
      "Qmin": -25.0,
      "Vg": 1.0,
      "mBase": 100.0,
      "status": 1,
      "Pmax": 76.0,
      "Pmin": 15.2
    },
    {
      "bus": 301,
      "Pg": 45.6,
      "Qg": 2.5,
      "Qmax": 30.0,
      "Qmin": -25.0,
      "Vg": 1.0,
      "mBase": 100.0,
      "status": 1,
      "Pmax": 76.0,
      "Pmin": 15.2
    },
    {
      "bus": 302,
      "Pg": 18.0,
      "Qg": 5.0,
      "Qmax": 10.0,
      "Qmin": 0.0,
      "Vg": 1.0,
      "mBase": 100.0,
      "status": 1,
      "Pmax": 20.0,
      "Pmin": 16.0
    },
    {
      "bus": 302,
      "Pg": 18.0,
      "Qg": 5.0,
      "Qmax": 10.0,
      "Qmin": 0.0,
      "Vg": 1.0,
      "mBase": 100.0,
      "status": 1,
      "Pmax": 20.0,
      "Pmin": 16.0
    },
    {
      "bus": 302,
      "Pg": 45.6,
      "Qg": 2.5,
      "Qmax": 30.0,
      "Qmin": -25.0,
      "Vg": 1.0,
      "mBase": 100.0,
      "status": 1,
      "Pmax": 76.0,
      "Pmin": 15.2
    },
    {
      "bus": 302,
      "Pg": 45.6,
      "Qg": 2.5,
      "Qmax": 30.0,
      "Qmin": -25.0,
      "Vg": 1.0,
      "mBase": 100.0,
      "status": 1,
      "Pmax": 76.0,
      "Pmin": 15.2
    },
    {
      "bus": 307,
      "Pg": 62.5,
      "Qg": 30.0,
      "Qmax": 60.0,
      "Qmin": 0.0,
      "Vg": 1.0,
      "mBase": 100.0,
      "status": 1,
      "Pmax": 100.0,
      "Pmin": 25.0
    },
    {
      "bus": 307,
      "Pg": 62.5,
      "Qg": 30.0,
      "Qmax": 60.0,
      "Qmin": 0.0,
      "Vg": 1.0,
      "mBase": 100.0,
      "status": 1,
      "Pmax": 100.0,
      "Pmin": 25.0
    },
    {
      "bus": 307,
      "Pg": 62.5,
      "Qg": 30.0,
      "Qmax": 60.0,
      "Qmin": 0.0,
      "Vg": 1.0,
      "mBase": 100.0,
      "status": 1,
      "Pmax": 100.0,
      "Pmin": 25.0
    },
    {
      "bus": 313,
      "Pg": 133.0,
      "Qg": 40.0,
      "Qmax": 80.0,
      "Qmin": 0.0,
      "Vg": 1.0,
      "mBase": 100.0,
      "status": 1,
      "Pmax": 197.0,
      "Pmin": 69.0
    },
    {
      "bus": 313,
      "Pg": 133.0,
      "Qg": 40.0,
      "Qmax": 80.0,
      "Qmin": 0.0,
      "Vg": 1.0,
      "mBase": 100.0,
      "status": 1,
      "Pmax": 197.0,
      "Pmin": 69.0
    },
    {
      "bus": 313,
      "Pg": 133.0,
      "Qg": 40.0,
      "Qmax": 80.0,
      "Qmin": 0.0,
      "Vg": 1.0,
      "mBase": 100.0,
      "status": 1,
      "Pmax": 197.0,
      "Pmin": 69.0
    },
    {
      "bus": 314,
      "Pg": 0.0,
      "Qg": 75.0,
      "Qmax": 200.0,
      "Qmin": -50.0,
      "Vg": 1.0,
      "mBase": 100.0,
      "status": 1,
      "Pmax": 0.0,
      "Pmin": 0.0
    },
    {
      "bus": 315,
      "Pg": 7.2,
      "Qg": 3.0,
      "Qmax": 6.0,
      "Qmin": 0.0,
      "Vg": 1.0,
      "mBase": 100.0,
      "status": 1,
      "Pmax": 12.0,
      "Pmin": 2.4
    },
    {
      "bus": 315,
      "Pg": 7.2,
      "Qg": 3.0,
      "Qmax": 6.0,
      "Qmin": 0.0,
      "Vg": 1.0,
      "mBase": 100.0,
      "status": 1,
      "Pmax": 12.0,
      "Pmin": 2.4
    },
    {
      "bus": 315,
      "Pg": 7.2,
      "Qg": 3.0,
      "Qmax": 6.0,
      "Qmin": 0.0,
      "Vg": 1.0,
      "mBase": 100.0,
      "status": 1,
      "Pmax": 12.0,
      "Pmin": 2.4
    },
    {
      "bus": 315,
      "Pg": 7.2,
      "Qg": 3.0,
      "Qmax": 6.0,
      "Qmin": 0.0,
      "Vg": 1.0,
      "mBase": 100.0,
      "status": 1,
      "Pmax": 12.0,
      "Pmin": 2.4
    },
    {
      "bus": 315,
      "Pg": 7.2,
      "Qg": 3.0,
      "Qmax": 6.0,
      "Qmin": 0.0,
      "Vg": 1.0,
      "mBase": 100.0,
      "status": 1,
      "Pmax": 12.0,
      "Pmin": 2.4
    },
    {
      "bus": 315,
      "Pg": 104.65,
      "Qg": 15.0,
      "Qmax": 80.0,
      "Qmin": -50.0,
      "Vg": 1.0,
      "mBase": 100.0,
      "status": 1,
      "Pmax": 155.0,
      "Pmin": 54.3
    },
    {
      "bus": 316,
      "Pg": 104.65,
      "Qg": 15.0,
      "Qmax": 80.0,
      "Qmin": -50.0,
      "Vg": 1.0,
      "mBase": 100.0,
      "status": 1,
      "Pmax": 155.0,
      "Pmin": 54.3
    },
    {
      "bus": 318,
      "Pg": 250.0,
      "Qg": 75.0,
      "Qmax": 200.0,
      "Qmin": -50.0,
      "Vg": 1.0,
      "mBase": 100.0,
      "status": 1,
      "Pmax": 400.0,
      "Pmin": 100.0
    },
    {
      "bus": 321,
      "Pg": 250.0,
      "Qg": 75.0,
      "Qmax": 200.0,
      "Qmin": -50.0,
      "Vg": 1.0,
      "mBase": 100.0,
      "status": 1,
      "Pmax": 400.0,
      "Pmin": 100.0
    },
    {
      "bus": 322,
      "Pg": 30.0,
      "Qg": 3.0,
      "Qmax": 16.0,
      "Qmin": -10.0,
      "Vg": 1.0,
      "mBase": 100.0,
      "status": 1,
      "Pmax": 50.0,
      "Pmin": 10.0
    },
    {
      "bus": 322,
      "Pg": 30.0,
      "Qg": 3.0,
      "Qmax": 16.0,
      "Qmin": -10.0,
      "Vg": 1.0,
      "mBase": 100.0,
      "status": 1,
      "Pmax": 50.0,
      "Pmin": 10.0
    },
    {
      "bus": 322,
      "Pg": 30.0,
      "Qg": 3.0,
      "Qmax": 16.0,
      "Qmin": -10.0,
      "Vg": 1.0,
      "mBase": 100.0,
      "status": 1,
      "Pmax": 50.0,
      "Pmin": 10.0
    },
    {
      "bus": 322,
      "Pg": 30.0,
      "Qg": 3.0,
      "Qmax": 16.0,
      "Qmin": -10.0,
      "Vg": 1.0,
      "mBase": 100.0,
      "status": 1,
      "Pmax": 50.0,
      "Pmin": 10.0
    },
    {
      "bus": 322,
      "Pg": 30.0,
      "Qg": 3.0,
      "Qmax": 16.0,
      "Qmin": -10.0,
      "Vg": 1.0,
      "mBase": 100.0,
      "status": 1,
      "Pmax": 50.0,
      "Pmin": 10.0
    },
    {
      "bus": 322,
      "Pg": 30.0,
      "Qg": 3.0,
      "Qmax": 16.0,
      "Qmin": -10.0,
      "Vg": 1.0,
      "mBase": 100.0,
      "status": 1,
      "Pmax": 50.0,
      "Pmin": 10.0
    },
    {
      "bus": 323,
      "Pg": 104.65,
      "Qg": 15.0,
      "Qmax": 80.0,
      "Qmin": -50.0,
      "Vg": 1.0,
      "mBase": 100.0,
      "status": 1,
      "Pmax": 155.0,
      "Pmin": 54.3
    },
    {
      "bus": 323,
      "Pg": 104.65,
      "Qg": 15.0,
      "Qmax": 80.0,
      "Qmin": -50.0,
      "Vg": 1.0,
      "mBase": 100.0,
      "status": 1,
      "Pmax": 155.0,
      "Pmin": 54.3
    },
    {
      "bus": 323,
      "Pg": 245.0,
      "Qg": 62.5,
      "Qmax": 150.0,
      "Qmin": -25.0,
      "Vg": 1.0,
      "mBase": 100.0,
      "status": 1,
      "Pmax": 350.0,
      "Pmin": 140.0
    }
  ],
  "branches": [
    {
      "fbus": 101,
      "tbus": 102,
      "r": 0.003,
      "x": 0.014,
      "b": 0.461,
      "rateA": 175.0,
      "rateB": 193.0,
      "rateC": 200.0,
      "ratio": 0.0,
      "angle": 0.0,
      "status": 1,
      "angmin": -30.0,
      "angmax": 30.0
    },
    {
      "fbus": 101,
      "tbus": 103,
      "r": 0.055,
      "x": 0.211,
      "b": 0.057,
      "rateA": 175.0,
      "rateB": 208.0,
      "rateC": 220.0,
      "ratio": 0.0,
      "angle": 0.0,
      "status": 1,
      "angmin": -30.0,
      "angmax": 30.0
    },
    {
      "fbus": 101,
      "tbus": 105,
      "r": 0.022,
      "x": 0.085,
      "b": 0.023,
      "rateA": 175.0,
      "rateB": 208.0,
      "rateC": 220.0,
      "ratio": 0.0,
      "angle": 0.0,
      "status": 1,
      "angmin": -30.0,
      "angmax": 30.0
    },
    {
      "fbus": 102,
      "tbus": 104,
      "r": 0.033,
      "x": 0.127,
      "b": 0.034,
      "rateA": 175.0,
      "rateB": 208.0,
      "rateC": 220.0,
      "ratio": 0.0,
      "angle": 0.0,
      "status": 1,
      "angmin": -30.0,
      "angmax": 30.0
    },
    {
      "fbus": 102,
      "tbus": 106,
      "r": 0.05,
      "x": 0.192,
      "b": 0.052,
      "rateA": 175.0,
      "rateB": 208.0,
      "rateC": 220.0,
      "ratio": 0.0,
      "angle": 0.0,
      "status": 1,
      "angmin": -30.0,
      "angmax": 30.0
    },
    {
      "fbus": 103,
      "tbus": 109,
      "r": 0.031,
      "x": 0.119,
      "b": 0.032,
      "rateA": 175.0,
      "rateB": 208.0,
      "rateC": 220.0,
      "ratio": 0.0,
      "angle": 0.0,
      "status": 1,
      "angmin": -30.0,
      "angmax": 30.0
    },
    {
      "fbus": 103,
      "tbus": 124,
      "r": 0.002,
      "x": 0.084,
      "b": 0.0,
      "rateA": 400.0,
      "rateB": 510.0,
      "rateC": 600.0,
      "ratio": 1.015,
      "angle": 0.0,
      "status": 1,
      "angmin": -30.0,
      "angmax": 30.0
    },
    {
      "fbus": 104,
      "tbus": 109,
      "r": 0.027,
      "x": 0.104,
      "b": 0.028,
      "rateA": 175.0,
      "rateB": 208.0,
      "rateC": 220.0,
      "ratio": 0.0,
      "angle": 0.0,
      "status": 1,
      "angmin": -30.0,
      "angmax": 30.0
    },
    {
      "fbus": 105,
      "tbus": 110,
      "r": 0.023,
      "x": 0.088,
      "b": 0.024,
      "rateA": 175.0,
      "rateB": 208.0,
      "rateC": 220.0,
      "ratio": 0.0,
      "angle": 0.0,
      "status": 1,
      "angmin": -30.0,
      "angmax": 30.0
    },
    {
      "fbus": 106,
      "tbus": 110,
      "r": 0.014,
      "x": 0.061,
      "b": 2.459,
      "rateA": 175.0,
      "rateB": 193.0,
      "rateC": 200.0,
      "ratio": 0.0,
      "angle": 0.0,
      "status": 1,
      "angmin": -30.0,
      "angmax": 30.0
    },
    {
      "fbus": 107,
      "tbus": 108,
      "r": 0.016,
      "x": 0.061,
      "b": 0.017,
      "rateA": 175.0,
      "rateB": 208.0,
      "rateC": 220.0,
      "ratio": 0.0,
      "angle": 0.0,
      "status": 1,
      "angmin": -30.0,
      "angmax": 30.0
    },
    {
      "fbus": 107,
      "tbus": 203,
      "r": 0.042,
      "x": 0.161,
      "b": 0.044,
      "rateA": 175.0,
      "rateB": 208.0,
      "rateC": 220.0,
      "ratio": 0.0,
      "angle": 0.0,
      "status": 1,
      "angmin": -30.0,
      "angmax": 30.0
    },
    {
      "fbus": 108,
      "tbus": 109,
      "r": 0.043,
      "x": 0.165,
      "b": 0.045,
      "rateA": 175.0,
      "rateB": 208.0,
      "rateC": 220.0,
      "ratio": 0.0,
      "angle": 0.0,
      "status": 1,
      "angmin": -30.0,
      "angmax": 30.0
    },
    {
      "fbus": 108,
      "tbus": 110,
      "r": 0.043,
      "x": 0.165,
      "b": 0.045,
      "rateA": 175.0,
      "rateB": 208.0,
      "rateC": 220.0,
      "ratio": 0.0,
      "angle": 0.0,
      "status": 1,
      "angmin": -30.0,
      "angmax": 30.0
    },
    {
      "fbus": 109,
      "tbus": 111,
      "r": 0.002,
      "x": 0.084,
      "b": 0.0,
      "rateA": 400.0,
      "rateB": 510.0,
      "rateC": 600.0,
      "ratio": 1.03,
      "angle": 0.0,
      "status": 1,
      "angmin": -30.0,
      "angmax": 30.0
    },
    {
      "fbus": 109,
      "tbus": 112,
      "r": 0.002,
      "x": 0.084,
      "b": 0.0,
      "rateA": 400.0,
      "rateB": 510.0,
      "rateC": 600.0,
      "ratio": 1.03,
      "angle": 0.0,
      "status": 1,
      "angmin": -30.0,
      "angmax": 30.0
    },
    {
      "fbus": 110,
      "tbus": 111,
      "r": 0.002,
      "x": 0.084,
      "b": 0.0,
      "rateA": 400.0,
      "rateB": 510.0,
      "rateC": 600.0,
      "ratio": 1.015,
      "angle": 0.0,
      "status": 1,
      "angmin": -30.0,
      "angmax": 30.0
    },
    {
      "fbus": 110,
      "tbus": 112,
      "r": 0.002,
      "x": 0.084,
      "b": 0.0,
      "rateA": 400.0,
      "rateB": 510.0,
      "rateC": 600.0,
      "ratio": 1.015,
      "angle": 0.0,
      "status": 1,
      "angmin": -30.0,
      "angmax": 30.0
    },
    {
      "fbus": 111,
      "tbus": 113,
      "r": 0.006,
      "x": 0.048,
      "b": 0.1,
      "rateA": 500.0,
      "rateB": 600.0,
      "rateC": 625.0,
      "ratio": 0.0,
      "angle": 0.0,
      "status": 1,
      "angmin": -30.0,
      "angmax": 30.0
    },
    {
      "fbus": 111,
      "tbus": 114,
      "r": 0.005,
      "x": 0.042,
      "b": 0.088,
      "rateA": 500.0,
      "rateB": 600.0,
      "rateC": 625.0,
      "ratio": 0.0,
      "angle": 0.0,
      "status": 1,
      "angmin": -30.0,
      "angmax": 30.0
    },
    {
      "fbus": 112,
      "tbus": 113,
      "r": 0.006,
      "x": 0.048,
      "b": 0.1,
      "rateA": 500.0,
      "rateB": 600.0,
      "rateC": 625.0,
      "ratio": 0.0,
      "angle": 0.0,
      "status": 1,
      "angmin": -30.0,
      "angmax": 30.0
    },
    {
      "fbus": 112,
      "tbus": 123,
      "r": 0.012,
      "x": 0.097,
      "b": 0.203,
      "rateA": 500.0,
      "rateB": 600.0,
      "rateC": 625.0,
      "ratio": 0.0,
      "angle": 0.0,
      "status": 1,
      "angmin": -30.0,
      "angmax": 30.0
    },
    {
      "fbus": 113,
      "tbus": 123,
      "r": 0.011,
      "x": 0.087,
      "b": 0.182,
      "rateA": 500.0,
      "rateB": 600.0,
      "rateC": 625.0,
      "ratio": 0.0,
      "angle": 0.0,
      "status": 1,
      "angmin": -30.0,
      "angmax": 30.0
    },
    {
      "fbus": 113,
      "tbus": 215,
      "r": 0.01,
      "x": 0.075,
      "b": 0.158,
      "rateA": 500.0,
      "rateB": 600.0,
      "rateC": 625.0,
      "ratio": 0.0,
      "angle": 0.0,
      "status": 1,
      "angmin": -30.0,
      "angmax": 30.0
    },
    {
      "fbus": 114,
      "tbus": 116,
      "r": 0.005,
      "x": 0.059,
      "b": 0.082,
      "rateA": 500.0,
      "rateB": 600.0,
      "rateC": 625.0,
      "ratio": 0.0,
      "angle": 0.0,
      "status": 1,
      "angmin": -30.0,
      "angmax": 30.0
    },
    {
      "fbus": 115,
      "tbus": 116,
      "r": 0.002,
      "x": 0.017,
      "b": 0.036,
      "rateA": 500.0,
      "rateB": 600.0,
      "rateC": 625.0,
      "ratio": 0.0,
      "angle": 0.0,
      "status": 1,
      "angmin": -30.0,
      "angmax": 30.0
    },
    {
      "fbus": 115,
      "tbus": 121,
      "r": 0.006,
      "x": 0.049,
      "b": 0.103,
      "rateA": 500.0,
      "rateB": 600.0,
      "rateC": 625.0,
      "ratio": 0.0,
      "angle": 0.0,
      "status": 1,
      "angmin": -30.0,
      "angmax": 30.0
    },
    {
      "fbus": 115,
      "tbus": 121,
      "r": 0.006,
      "x": 0.049,
      "b": 0.103,
      "rateA": 500.0,
      "rateB": 600.0,
      "rateC": 625.0,
      "ratio": 0.0,
      "angle": 0.0,
      "status": 1,
      "angmin": -30.0,
      "angmax": 30.0
    },
    {
      "fbus": 115,
      "tbus": 124,
      "r": 0.007,
      "x": 0.052,
      "b": 0.109,
      "rateA": 500.0,
      "rateB": 600.0,
      "rateC": 625.0,
      "ratio": 0.0,
      "angle": 0.0,
      "status": 1,
      "angmin": -30.0,
      "angmax": 30.0
    },
    {
      "fbus": 116,
      "tbus": 117,
      "r": 0.003,
      "x": 0.026,
      "b": 0.055,
      "rateA": 500.0,
      "rateB": 600.0,
      "rateC": 625.0,
      "ratio": 0.0,
      "angle": 0.0,
      "status": 1,
      "angmin": -30.0,
      "angmax": 30.0
    },
    {
      "fbus": 116,
      "tbus": 119,
      "r": 0.003,
      "x": 0.023,
      "b": 0.049,
      "rateA": 500.0,
      "rateB": 600.0,
      "rateC": 625.0,
      "ratio": 0.0,
      "angle": 0.0,
      "status": 1,
      "angmin": -30.0,
      "angmax": 30.0
    },
    {
      "fbus": 117,
      "tbus": 118,
      "r": 0.002,
      "x": 0.014,
      "b": 0.03,
      "rateA": 500.0,
      "rateB": 600.0,
      "rateC": 625.0,
      "ratio": 0.0,
      "angle": 0.0,
      "status": 1,
      "angmin": -30.0,
      "angmax": 30.0
    },
    {
      "fbus": 117,
      "tbus": 122,
      "r": 0.014,
      "x": 0.105,
      "b": 0.221,
      "rateA": 500.0,
      "rateB": 600.0,
      "rateC": 625.0,
      "ratio": 0.0,
      "angle": 0.0,
      "status": 1,
      "angmin": -30.0,
      "angmax": 30.0
    },
    {
      "fbus": 118,
      "tbus": 121,
      "r": 0.003,
      "x": 0.026,
      "b": 0.055,
      "rateA": 500.0,
      "rateB": 600.0,
      "rateC": 625.0,
      "ratio": 0.0,
      "angle": 0.0,
      "status": 1,
      "angmin": -30.0,
      "angmax": 30.0
    },
    {
      "fbus": 118,
      "tbus": 121,
      "r": 0.003,
      "x": 0.026,
      "b": 0.055,
      "rateA": 500.0,
      "rateB": 600.0,
      "rateC": 625.0,
      "ratio": 0.0,
      "angle": 0.0,
      "status": 1,
      "angmin": -30.0,
      "angmax": 30.0
    },
    {
      "fbus": 119,
      "tbus": 120,
      "r": 0.005,
      "x": 0.04,
      "b": 0.083,
      "rateA": 500.0,
      "rateB": 600.0,
      "rateC": 625.0,
      "ratio": 0.0,
      "angle": 0.0,
      "status": 1,
      "angmin": -30.0,
      "angmax": 30.0
    },
    {
      "fbus": 119,
      "tbus": 120,
      "r": 0.005,
      "x": 0.04,
      "b": 0.083,
      "rateA": 500.0,
      "rateB": 600.0,
      "rateC": 625.0,
      "ratio": 0.0,
      "angle": 0.0,
      "status": 1,
      "angmin": -30.0,
      "angmax": 30.0
    },
    {
      "fbus": 120,
      "tbus": 123,
      "r": 0.003,
      "x": 0.022,
      "b": 0.046,
      "rateA": 500.0,
      "rateB": 600.0,
      "rateC": 625.0,
      "ratio": 0.0,
      "angle": 0.0,
      "status": 1,
      "angmin": -30.0,
      "angmax": 30.0
    },
    {
      "fbus": 120,
      "tbus": 123,
      "r": 0.003,
      "x": 0.022,
      "b": 0.046,
      "rateA": 500.0,
      "rateB": 600.0,
      "rateC": 625.0,
      "ratio": 0.0,
      "angle": 0.0,
      "status": 1,
      "angmin": -30.0,
      "angmax": 30.0
    },
    {
      "fbus": 121,
      "tbus": 122,
      "r": 0.009,
      "x": 0.068,
      "b": 0.142,
      "rateA": 500.0,
      "rateB": 600.0,
      "rateC": 625.0,
      "ratio": 0.0,
      "angle": 0.0,
      "status": 1,
      "angmin": -30.0,
      "angmax": 30.0
    },
    {
      "fbus": 123,
      "tbus": 217,
      "r": 0.01,
      "x": 0.074,
      "b": 0.155,
      "rateA": 500.0,
      "rateB": 600.0,
      "rateC": 625.0,
      "ratio": 0.0,
      "angle": 0.0,
      "status": 1,
      "angmin": -30.0,
      "angmax": 30.0
    },
    {
      "fbus": 201,
      "tbus": 202,
      "r": 0.003,
      "x": 0.014,
      "b": 0.461,
      "rateA": 175.0,
      "rateB": 193.0,
      "rateC": 200.0,
      "ratio": 0.0,
      "angle": 0.0,
      "status": 1,
      "angmin": -30.0,
      "angmax": 30.0
    },
    {
      "fbus": 201,
      "tbus": 203,
      "r": 0.055,
      "x": 0.211,
      "b": 0.057,
      "rateA": 175.0,
      "rateB": 208.0,
      "rateC": 220.0,
      "ratio": 0.0,
      "angle": 0.0,
      "status": 1,
      "angmin": -30.0,
      "angmax": 30.0
    },
    {
      "fbus": 201,
      "tbus": 205,
      "r": 0.022,
      "x": 0.085,
      "b": 0.023,
      "rateA": 175.0,
      "rateB": 208.0,
      "rateC": 220.0,
      "ratio": 0.0,
      "angle": 0.0,
      "status": 1,
      "angmin": -30.0,
      "angmax": 30.0
    },
    {
      "fbus": 202,
      "tbus": 204,
      "r": 0.033,
      "x": 0.127,
      "b": 0.034,
      "rateA": 175.0,
      "rateB": 208.0,
      "rateC": 220.0,
      "ratio": 0.0,
      "angle": 0.0,
      "status": 1,
      "angmin": -30.0,
      "angmax": 30.0
    },
    {
      "fbus": 202,
      "tbus": 206,
      "r": 0.05,
      "x": 0.192,
      "b": 0.052,
      "rateA": 175.0,
      "rateB": 208.0,
      "rateC": 220.0,
      "ratio": 0.0,
      "angle": 0.0,
      "status": 1,
      "angmin": -30.0,
      "angmax": 30.0
    },
    {
      "fbus": 203,
      "tbus": 209,
      "r": 0.031,
      "x": 0.119,
      "b": 0.032,
      "rateA": 175.0,
      "rateB": 208.0,
      "rateC": 220.0,
      "ratio": 0.0,
      "angle": 0.0,
      "status": 1,
      "angmin": -30.0,
      "angmax": 30.0
    },
    {
      "fbus": 203,
      "tbus": 224,
      "r": 0.002,
      "x": 0.084,
      "b": 0.0,
      "rateA": 400.0,
      "rateB": 510.0,
      "rateC": 600.0,
      "ratio": 1.015,
      "angle": 0.0,
      "status": 1,
      "angmin": -30.0,
      "angmax": 30.0
    },
    {
      "fbus": 204,
      "tbus": 209,
      "r": 0.027,
      "x": 0.104,
      "b": 0.028,
      "rateA": 175.0,
      "rateB": 208.0,
      "rateC": 220.0,
      "ratio": 0.0,
      "angle": 0.0,
      "status": 1,
      "angmin": -30.0,
      "angmax": 30.0
    },
    {
      "fbus": 205,
      "tbus": 210,
      "r": 0.023,
      "x": 0.088,
      "b": 0.024,
      "rateA": 175.0,
      "rateB": 208.0,
      "rateC": 220.0,
      "ratio": 0.0,
      "angle": 0.0,
      "status": 1,
      "angmin": -30.0,
      "angmax": 30.0
    },
    {
      "fbus": 206,
      "tbus": 210,
      "r": 0.014,
      "x": 0.061,
      "b": 2.459,
      "rateA": 175.0,
      "rateB": 193.0,
      "rateC": 200.0,
      "ratio": 0.0,
      "angle": 0.0,
      "status": 1,
      "angmin": -30.0,
      "angmax": 30.0
    },
    {
      "fbus": 207,
      "tbus": 208,
      "r": 0.016,
      "x": 0.061,
      "b": 0.017,
      "rateA": 175.0,
      "rateB": 208.0,
      "rateC": 220.0,
      "ratio": 0.0,
      "angle": 0.0,
      "status": 1,
      "angmin": -30.0,
      "angmax": 30.0
    },
    {
      "fbus": 208,
      "tbus": 209,
      "r": 0.043,
      "x": 0.165,
      "b": 0.045,
      "rateA": 175.0,
      "rateB": 208.0,
      "rateC": 220.0,
      "ratio": 0.0,
      "angle": 0.0,
      "status": 1,
      "angmin": -30.0,
      "angmax": 30.0
    },
    {
      "fbus": 208,
      "tbus": 210,
      "r": 0.043,
      "x": 0.165,
      "b": 0.045,
      "rateA": 175.0,
      "rateB": 208.0,
      "rateC": 220.0,
      "ratio": 0.0,
      "angle": 0.0,
      "status": 1,
      "angmin": -30.0,
      "angmax": 30.0
    },
    {
      "fbus": 209,
      "tbus": 211,
      "r": 0.002,
      "x": 0.084,
      "b": 0.0,
      "rateA": 400.0,
      "rateB": 510.0,
      "rateC": 600.0,
      "ratio": 1.03,
      "angle": 0.0,
      "status": 1,
      "angmin": -30.0,
      "angmax": 30.0
    },
    {
      "fbus": 209,
      "tbus": 212,
      "r": 0.002,
      "x": 0.084,
      "b": 0.0,
      "rateA": 400.0,
      "rateB": 510.0,
      "rateC": 600.0,
      "ratio": 1.03,
      "angle": 0.0,
      "status": 1,
      "angmin": -30.0,
      "angmax": 30.0
    },
    {
      "fbus": 210,
      "tbus": 211,
      "r": 0.002,
      "x": 0.084,
      "b": 0.0,
      "rateA": 400.0,
      "rateB": 510.0,
      "rateC": 600.0,
      "ratio": 1.015,
      "angle": 0.0,
      "status": 1,
      "angmin": -30.0,
      "angmax": 30.0
    },
    {
      "fbus": 210,
      "tbus": 212,
      "r": 0.002,
      "x": 0.084,
      "b": 0.0,
      "rateA": 400.0,
      "rateB": 510.0,
      "rateC": 600.0,
      "ratio": 1.015,
      "angle": 0.0,
      "status": 1,
      "angmin": -30.0,
      "angmax": 30.0
    },
    {
      "fbus": 211,
      "tbus": 213,
      "r": 0.006,
      "x": 0.048,
      "b": 0.1,
      "rateA": 500.0,
      "rateB": 600.0,
      "rateC": 625.0,
      "ratio": 0.0,
      "angle": 0.0,
      "status": 1,
      "angmin": -30.0,
      "angmax": 30.0
    },
    {
      "fbus": 211,
      "tbus": 214,
      "r": 0.005,
      "x": 0.042,
      "b": 0.088,
      "rateA": 500.0,
      "rateB": 600.0,
      "rateC": 625.0,
      "ratio": 0.0,
      "angle": 0.0,
      "status": 1,
      "angmin": -30.0,
      "angmax": 30.0
    },
    {
      "fbus": 212,
      "tbus": 213,
      "r": 0.006,
      "x": 0.048,
      "b": 0.1,
      "rateA": 500.0,
      "rateB": 600.0,
      "rateC": 625.0,
      "ratio": 0.0,
      "angle": 0.0,
      "status": 1,
      "angmin": -30.0,
      "angmax": 30.0
    },
    {
      "fbus": 212,
      "tbus": 223,
      "r": 0.012,
      "x": 0.097,
      "b": 0.203,
      "rateA": 500.0,
      "rateB": 600.0,
      "rateC": 625.0,
      "ratio": 0.0,
      "angle": 0.0,
      "status": 1,
      "angmin": -30.0,
      "angmax": 30.0
    },
    {
      "fbus": 213,
      "tbus": 223,
      "r": 0.011,
      "x": 0.087,
      "b": 0.182,
      "rateA": 500.0,
      "rateB": 600.0,
      "rateC": 625.0,
      "ratio": 0.0,
      "angle": 0.0,
      "status": 1,
      "angmin": -30.0,
      "angmax": 30.0
    },
    {
      "fbus": 214,
      "tbus": 216,
      "r": 0.005,
      "x": 0.059,
      "b": 0.082,
      "rateA": 500.0,
      "rateB": 600.0,
      "rateC": 625.0,
      "ratio": 0.0,
      "angle": 0.0,
      "status": 1,
      "angmin": -30.0,
      "angmax": 30.0
    },
    {
      "fbus": 215,
      "tbus": 216,
      "r": 0.002,
      "x": 0.017,
      "b": 0.036,
      "rateA": 500.0,
      "rateB": 600.0,
      "rateC": 625.0,
      "ratio": 0.0,
      "angle": 0.0,
      "status": 1,
      "angmin": -30.0,
      "angmax": 30.0
    },
    {
      "fbus": 215,
      "tbus": 221,
      "r": 0.006,
      "x": 0.049,
      "b": 0.103,
      "rateA": 500.0,
      "rateB": 600.0,
      "rateC": 625.0,
      "ratio": 0.0,
      "angle": 0.0,
      "status": 1,
      "angmin": -30.0,
      "angmax": 30.0
    },
    {
      "fbus": 215,
      "tbus": 221,
      "r": 0.006,
      "x": 0.049,
      "b": 0.103,
      "rateA": 500.0,
      "rateB": 600.0,
      "rateC": 625.0,
      "ratio": 0.0,
      "angle": 0.0,
      "status": 1,
      "angmin": -30.0,
      "angmax": 30.0
    },
    {
      "fbus": 215,
      "tbus": 224,
      "r": 0.007,
      "x": 0.052,
      "b": 0.109,
      "rateA": 500.0,
      "rateB": 600.0,
      "rateC": 625.0,
      "ratio": 0.0,
      "angle": 0.0,
      "status": 1,
      "angmin": -30.0,
      "angmax": 30.0
    },
    {
      "fbus": 216,
      "tbus": 217,
      "r": 0.003,
      "x": 0.026,
      "b": 0.055,
      "rateA": 500.0,
      "rateB": 600.0,
      "rateC": 625.0,
      "ratio": 0.0,
      "angle": 0.0,
      "status": 1,
      "angmin": -30.0,
      "angmax": 30.0
    },
    {
      "fbus": 216,
      "tbus": 219,
      "r": 0.003,
      "x": 0.023,
      "b": 0.049,
      "rateA": 500.0,
      "rateB": 600.0,
      "rateC": 625.0,
      "ratio": 0.0,
      "angle": 0.0,
      "status": 1,
      "angmin": -30.0,
      "angmax": 30.0
    },
    {
      "fbus": 217,
      "tbus": 218,
      "r": 0.002,
      "x": 0.014,
      "b": 0.03,
      "rateA": 500.0,
      "rateB": 600.0,
      "rateC": 625.0,
      "ratio": 0.0,
      "angle": 0.0,
      "status": 1,
      "angmin": -30.0,
      "angmax": 30.0
    },
    {
      "fbus": 217,
      "tbus": 222,
      "r": 0.014,
      "x": 0.105,
      "b": 0.221,
      "rateA": 500.0,
      "rateB": 600.0,
      "rateC": 625.0,
      "ratio": 0.0,
      "angle": 0.0,
      "status": 1,
      "angmin": -30.0,
      "angmax": 30.0
    },
    {
      "fbus": 218,
      "tbus": 221,
      "r": 0.003,
      "x": 0.026,
      "b": 0.055,
      "rateA": 500.0,
      "rateB": 600.0,
      "rateC": 625.0,
      "ratio": 0.0,
      "angle": 0.0,
      "status": 1,
      "angmin": -30.0,
      "angmax": 30.0
    },
    {
      "fbus": 218,
      "tbus": 221,
      "r": 0.003,
      "x": 0.026,
      "b": 0.055,
      "rateA": 500.0,
      "rateB": 600.0,
      "rateC": 625.0,
      "ratio": 0.0,
      "angle": 0.0,
      "status": 1,
      "angmin": -30.0,
      "angmax": 30.0
    },
    {
      "fbus": 219,
      "tbus": 220,
      "r": 0.005,
      "x": 0.04,
      "b": 0.083,
      "rateA": 500.0,
      "rateB": 600.0,
      "rateC": 625.0,
      "ratio": 0.0,
      "angle": 0.0,
      "status": 1,
      "angmin": -30.0,
      "angmax": 30.0
    },
    {
      "fbus": 219,
      "tbus": 220,
      "r": 0.005,
      "x": 0.04,
      "b": 0.083,
      "rateA": 500.0,
      "rateB": 600.0,
      "rateC": 625.0,
      "ratio": 0.0,
      "angle": 0.0,
      "status": 1,
      "angmin": -30.0,
      "angmax": 30.0
    },
    {
      "fbus": 220,
      "tbus": 223,
      "r": 0.003,
      "x": 0.022,
      "b": 0.046,
      "rateA": 500.0,
      "rateB": 600.0,
      "rateC": 625.0,
      "ratio": 0.0,
      "angle": 0.0,
      "status": 1,
      "angmin": -30.0,
      "angmax": 30.0
    },
    {
      "fbus": 220,
      "tbus": 223,
      "r": 0.003,
      "x": 0.022,
      "b": 0.046,
      "rateA": 500.0,
      "rateB": 600.0,
      "rateC": 625.0,
      "ratio": 0.0,
      "angle": 0.0,
      "status": 1,
      "angmin": -30.0,
      "angmax": 30.0
    },
    {
      "fbus": 221,
      "tbus": 222,
      "r": 0.009,
      "x": 0.068,
      "b": 0.142,
      "rateA": 500.0,
      "rateB": 600.0,
      "rateC": 625.0,
      "ratio": 0.0,
      "angle": 0.0,
      "status": 1,
      "angmin": -30.0,
      "angmax": 30.0
    },
    {
      "fbus": 301,
      "tbus": 302,
      "r": 0.003,
      "x": 0.014,
      "b": 0.461,
      "rateA": 175.0,
      "rateB": 193.0,
      "rateC": 200.0,
      "ratio": 0.0,
      "angle": 0.0,
      "status": 1,
      "angmin": -30.0,
      "angmax": 30.0
    },
    {
      "fbus": 301,
      "tbus": 303,
      "r": 0.055,
      "x": 0.211,
      "b": 0.057,
      "rateA": 175.0,
      "rateB": 208.0,
      "rateC": 220.0,
      "ratio": 0.0,
      "angle": 0.0,
      "status": 1,
      "angmin": -30.0,
      "angmax": 30.0
    },
    {
      "fbus": 301,
      "tbus": 305,
      "r": 0.022,
      "x": 0.085,
      "b": 0.023,
      "rateA": 175.0,
      "rateB": 208.0,
      "rateC": 220.0,
      "ratio": 0.0,
      "angle": 0.0,
      "status": 1,
      "angmin": -30.0,
      "angmax": 30.0
    },
    {
      "fbus": 302,
      "tbus": 304,
      "r": 0.033,
      "x": 0.127,
      "b": 0.034,
      "rateA": 175.0,
      "rateB": 208.0,
      "rateC": 220.0,
      "ratio": 0.0,
      "angle": 0.0,
      "status": 1,
      "angmin": -30.0,
      "angmax": 30.0
    },
    {
      "fbus": 302,
      "tbus": 306,
      "r": 0.05,
      "x": 0.192,
      "b": 0.052,
      "rateA": 175.0,
      "rateB": 208.0,
      "rateC": 220.0,
      "ratio": 0.0,
      "angle": 0.0,
      "status": 1,
      "angmin": -30.0,
      "angmax": 30.0
    },
    {
      "fbus": 303,
      "tbus": 309,
      "r": 0.031,
      "x": 0.119,
      "b": 0.032,
      "rateA": 175.0,
      "rateB": 208.0,
      "rateC": 220.0,
      "ratio": 0.0,
      "angle": 0.0,
      "status": 1,
      "angmin": -30.0,
      "angmax": 30.0
    },
    {
      "fbus": 303,
      "tbus": 324,
      "r": 0.002,
      "x": 0.084,
      "b": 0.0,
      "rateA": 400.0,
      "rateB": 510.0,
      "rateC": 600.0,
      "ratio": 1.015,
      "angle": 0.0,
      "status": 1,
      "angmin": -30.0,
      "angmax": 30.0
    },
    {
      "fbus": 304,
      "tbus": 309,
      "r": 0.027,
      "x": 0.104,
      "b": 0.028,
      "rateA": 175.0,
      "rateB": 208.0,
      "rateC": 220.0,
      "ratio": 0.0,
      "angle": 0.0,
      "status": 1,
      "angmin": -30.0,
      "angmax": 30.0
    },
    {
      "fbus": 305,
      "tbus": 310,
      "r": 0.023,
      "x": 0.088,
      "b": 0.024,
      "rateA": 175.0,
      "rateB": 208.0,
      "rateC": 220.0,
      "ratio": 0.0,
      "angle": 0.0,
      "status": 1,
      "angmin": -30.0,
      "angmax": 30.0
    },
    {
      "fbus": 306,
      "tbus": 310,
      "r": 0.014,
      "x": 0.061,
      "b": 2.459,
      "rateA": 175.0,
      "rateB": 193.0,
      "rateC": 200.0,
      "ratio": 0.0,
      "angle": 0.0,
      "status": 1,
      "angmin": -30.0,
      "angmax": 30.0
    },
    {
      "fbus": 307,
      "tbus": 308,
      "r": 0.016,
      "x": 0.061,
      "b": 0.017,
      "rateA": 175.0,
      "rateB": 208.0,
      "rateC": 220.0,
      "ratio": 0.0,
      "angle": 0.0,
      "status": 1,
      "angmin": -30.0,
      "angmax": 30.0
    },
    {
      "fbus": 308,
      "tbus": 309,
      "r": 0.043,
      "x": 0.165,
      "b": 0.045,
      "rateA": 175.0,
      "rateB": 208.0,
      "rateC": 220.0,
      "ratio": 0.0,
      "angle": 0.0,
      "status": 1,
      "angmin": -30.0,
      "angmax": 30.0
    },
    {
      "fbus": 308,
      "tbus": 310,
      "r": 0.043,
      "x": 0.165,
      "b": 0.045,
      "rateA": 175.0,
      "rateB": 208.0,
      "rateC": 220.0,
      "ratio": 0.0,
      "angle": 0.0,
      "status": 1,
      "angmin": -30.0,
      "angmax": 30.0
    },
    {
      "fbus": 309,
      "tbus": 311,
      "r": 0.002,
      "x": 0.084,
      "b": 0.0,
      "rateA": 400.0,
      "rateB": 510.0,
      "rateC": 600.0,
      "ratio": 1.03,
      "angle": 0.0,
      "status": 1,
      "angmin": -30.0,
      "angmax": 30.0
    },
    {
      "fbus": 309,
      "tbus": 312,
      "r": 0.002,
      "x": 0.084,
      "b": 0.0,
      "rateA": 400.0,
      "rateB": 510.0,
      "rateC": 600.0,
      "ratio": 1.03,
      "angle": 0.0,
      "status": 1,
      "angmin": -30.0,
      "angmax": 30.0
    },
    {
      "fbus": 310,
      "tbus": 311,
      "r": 0.002,
      "x": 0.084,
      "b": 0.0,
      "rateA": 400.0,
      "rateB": 510.0,
      "rateC": 600.0,
      "ratio": 1.015,
      "angle": 0.0,
      "status": 1,
      "angmin": -30.0,
      "angmax": 30.0
    },
    {
      "fbus": 310,
      "tbus": 312,
      "r": 0.002,
      "x": 0.084,
      "b": 0.0,
      "rateA": 400.0,
      "rateB": 510.0,
      "rateC": 600.0,
      "ratio": 1.015,
      "angle": 0.0,
      "status": 1,
      "angmin": -30.0,
      "angmax": 30.0
    },
    {
      "fbus": 311,
      "tbus": 313,
      "r": 0.006,
      "x": 0.048,
      "b": 0.1,
      "rateA": 500.0,
      "rateB": 600.0,
      "rateC": 625.0,
      "ratio": 0.0,
      "angle": 0.0,
      "status": 1,
      "angmin": -30.0,
      "angmax": 30.0
    },
    {
      "fbus": 311,
      "tbus": 314,
      "r": 0.005,
      "x": 0.042,
      "b": 0.088,
      "rateA": 500.0,
      "rateB": 600.0,
      "rateC": 625.0,
      "ratio": 0.0,
      "angle": 0.0,
      "status": 1,
      "angmin": -30.0,
      "angmax": 30.0
    },
    {
      "fbus": 312,
      "tbus": 313,
      "r": 0.006,
      "x": 0.048,
      "b": 0.1,
      "rateA": 500.0,
      "rateB": 600.0,
      "rateC": 625.0,
      "ratio": 0.0,
      "angle": 0.0,
      "status": 1,
      "angmin": -30.0,
      "angmax": 30.0
    },
    {
      "fbus": 312,
      "tbus": 323,
      "r": 0.012,
      "x": 0.097,
      "b": 0.203,
      "rateA": 500.0,
      "rateB": 600.0,
      "rateC": 625.0,
      "ratio": 0.0,
      "angle": 0.0,
      "status": 1,
      "angmin": -30.0,
      "angmax": 30.0
    },
    {
      "fbus": 313,
      "tbus": 323,
      "r": 0.011,
      "x": 0.087,
      "b": 0.182,
      "rateA": 500.0,
      "rateB": 600.0,
      "rateC": 625.0,
      "ratio": 0.0,
      "angle": 0.0,
      "status": 1,
      "angmin": -30.0,
      "angmax": 30.0
    },
    {
      "fbus": 314,
      "tbus": 316,
      "r": 0.005,
      "x": 0.059,
      "b": 0.082,
      "rateA": 500.0,
      "rateB": 600.0,
      "rateC": 625.0,
      "ratio": 0.0,
      "angle": 0.0,
      "status": 1,
      "angmin": -30.0,
      "angmax": 30.0
    },
    {
      "fbus": 315,
      "tbus": 316,
      "r": 0.002,
      "x": 0.017,
      "b": 0.036,
      "rateA": 500.0,
      "rateB": 600.0,
      "rateC": 625.0,
      "ratio": 0.0,
      "angle": 0.0,
      "status": 1,
      "angmin": -30.0,
      "angmax": 30.0
    },
    {
      "fbus": 315,
      "tbus": 321,
      "r": 0.006,
      "x": 0.049,
      "b": 0.103,
      "rateA": 500.0,
      "rateB": 600.0,
      "rateC": 625.0,
      "ratio": 0.0,
      "angle": 0.0,
      "status": 1,
      "angmin": -30.0,
      "angmax": 30.0
    },
    {
      "fbus": 315,
      "tbus": 321,
      "r": 0.006,
      "x": 0.049,
      "b": 0.103,
      "rateA": 500.0,
      "rateB": 600.0,
      "rateC": 625.0,
      "ratio": 0.0,
      "angle": 0.0,
      "status": 1,
      "angmin": -30.0,
      "angmax": 30.0
    },
    {
      "fbus": 315,
      "tbus": 324,
      "r": 0.007,
      "x": 0.052,
      "b": 0.109,
      "rateA": 500.0,
      "rateB": 600.0,
      "rateC": 625.0,
      "ratio": 0.0,
      "angle": 0.0,
      "status": 1,
      "angmin": -30.0,
      "angmax": 30.0
    },
    {
      "fbus": 316,
      "tbus": 317,
      "r": 0.003,
      "x": 0.026,
      "b": 0.055,
      "rateA": 500.0,
      "rateB": 600.0,
      "rateC": 625.0,
      "ratio": 0.0,
      "angle": 0.0,
      "status": 1,
      "angmin": -30.0,
      "angmax": 30.0
    },
    {
      "fbus": 316,
      "tbus": 319,
      "r": 0.003,
      "x": 0.023,
      "b": 0.049,
      "rateA": 500.0,
      "rateB": 600.0,
      "rateC": 625.0,
      "ratio": 0.0,
      "angle": 0.0,
      "status": 1,
      "angmin": -30.0,
      "angmax": 30.0
    },
    {
      "fbus": 317,
      "tbus": 318,
      "r": 0.002,
      "x": 0.014,
      "b": 0.03,
      "rateA": 500.0,
      "rateB": 600.0,
      "rateC": 625.0,
      "ratio": 0.0,
      "angle": 0.0,
      "status": 1,
      "angmin": -30.0,
      "angmax": 30.0
    },
    {
      "fbus": 317,
      "tbus": 322,
      "r": 0.014,
      "x": 0.105,
      "b": 0.221,
      "rateA": 500.0,
      "rateB": 600.0,
      "rateC": 625.0,
      "ratio": 0.0,
      "angle": 0.0,
      "status": 1,
      "angmin": -30.0,
      "angmax": 30.0
    },
    {
      "fbus": 318,
      "tbus": 321,
      "r": 0.003,
      "x": 0.026,
      "b": 0.055,
      "rateA": 500.0,
      "rateB": 600.0,
      "rateC": 625.0,
      "ratio": 0.0,
      "angle": 0.0,
      "status": 1,
      "angmin": -30.0,
      "angmax": 30.0
    },
    {
      "fbus": 318,
      "tbus": 321,
      "r": 0.003,
      "x": 0.026,
      "b": 0.055,
      "rateA": 500.0,
      "rateB": 600.0,
      "rateC": 625.0,
      "ratio": 0.0,
      "angle": 0.0,
      "status": 1,
      "angmin": -30.0,
      "angmax": 30.0
    },
    {
      "fbus": 319,
      "tbus": 320,
      "r": 0.005,
      "x": 0.04,
      "b": 0.083,
      "rateA": 500.0,
      "rateB": 600.0,
      "rateC": 625.0,
      "ratio": 0.0,
      "angle": 0.0,
      "status": 1,
      "angmin": -30.0,
      "angmax": 30.0
    },
    {
      "fbus": 319,
      "tbus": 320,
      "r": 0.005,
      "x": 0.04,
      "b": 0.083,
      "rateA": 500.0,
      "rateB": 600.0,
      "rateC": 625.0,
      "ratio": 0.0,
      "angle": 0.0,
      "status": 1,
      "angmin": -30.0,
      "angmax": 30.0
    },
    {
      "fbus": 320,
      "tbus": 323,
      "r": 0.003,
      "x": 0.022,
      "b": 0.046,
      "rateA": 500.0,
      "rateB": 600.0,
      "rateC": 625.0,
      "ratio": 0.0,
      "angle": 0.0,
      "status": 1,
      "angmin": -30.0,
      "angmax": 30.0
    },
    {
      "fbus": 320,
      "tbus": 323,
      "r": 0.003,
      "x": 0.022,
      "b": 0.046,
      "rateA": 500.0,
      "rateB": 600.0,
      "rateC": 625.0,
      "ratio": 0.0,
      "angle": 0.0,
      "status": 1,
      "angmin": -30.0,
      "angmax": 30.0
    },
    {
      "fbus": 321,
      "tbus": 322,
      "r": 0.009,
      "x": 0.068,
      "b": 0.142,
      "rateA": 500.0,
      "rateB": 600.0,
      "rateC": 625.0,
      "ratio": 0.0,
      "angle": 0.0,
      "status": 1,
      "angmin": -30.0,
      "angmax": 30.0
    },
    {
      "fbus": 325,
      "tbus": 121,
      "r": 0.012,
      "x": 0.097,
      "b": 0.203,
      "rateA": 500.0,
      "rateB": 600.0,
      "rateC": 625.0,
      "ratio": 0.0,
      "angle": 0.0,
      "status": 1,
      "angmin": -30.0,
      "angmax": 30.0
    },
    {
      "fbus": 318,
      "tbus": 223,
      "r": 0.013,
      "x": 0.104,
      "b": 0.218,
      "rateA": 500.0,
      "rateB": 600.0,
      "rateC": 625.0,
      "ratio": 0.0,
      "angle": 0.0,
      "status": 1,
      "angmin": -30.0,
      "angmax": 30.0
    },
    {
      "fbus": 323,
      "tbus": 325,
      "r": 0.0,
      "x": 0.009,
      "b": 0.0,
      "rateA": 722.0,
      "rateB": 893.0,
      "rateC": 893.0,
      "ratio": 0.0,
      "angle": 0.0,
      "status": 1,
      "angmin": -30.0,
      "angmax": 30.0
    }
  ]
}